filename,date,isCompleteData,original_count,predicted_count,close_price
DOGE_20190315,3/15/2019,TRUE,363,363,0.002048304
DOGE_20190316,3/16/2019,TRUE,210,210,0.002077495
DOGE_20190317_Latest131,3/17/2019,FALSE,131,217,0.002080812
DOGE_20190318,3/18/2019,TRUE,273,273,0.002083029
DOGE_20190319_Latest46,3/19/2019,FALSE,46,211,0.002091069
DOGE_20190320_Latest436,3/20/2019,FALSE,436,515,0.002060782
DOGE_20190321,3/21/2019,TRUE,280,280,0.002053635
DOGE_20190322,3/22/2019,TRUE,276,276,0.002052297
DOGE_20190323,3/23/2019,TRUE,254,254,0.002064184
DOGE_20190324,3/24/2019,TRUE,209,209,0.00205367
DOGE_20190325,3/25/2019,TRUE,252,252,0.002043394
DOGE_20190326,3/26/2019,TRUE,235,235,0.002053978
DOGE_20190327,3/27/2019,TRUE,339,339,0.002084979
DOGE_20190328,3/28/2019,TRUE,361,361,0.002073671
DOGE_20190329,3/29/2019,TRUE,303,303,0.002087465
DOGE_20190330,3/30/2019,TRUE,238,238,0.002080473
DOGE_20190331,3/31/2019,TRUE,227,227,0.002080471
DOGE_20190401,4/1/2019,TRUE,767,767,0.002461133
DOGE_20190402_Latest1349,4/2/2019,FALSE,1349,2237,0.002794824
DOGE_20190403,4/3/2019,TRUE,1435,1435,0.003164354
DOGE_20190404,4/4/2019,TRUE,1041,1041,0.003697016
DOGE_20190405,4/5/2019,TRUE,585,585,0.003589633
DOGE_20190406,4/6/2019,TRUE,332,332,0.003439002
DOGE_20190407,4/7/2019,TRUE,378,378,0.00341757
DOGE_20190408,4/8/2019,TRUE,366,366,0.003044549
DOGE_20190409,4/9/2019,TRUE,427,427,0.002883921
DOGE_20190410,4/10/2019,TRUE,399,399,0.003021499
DOGE_20190411,4/11/2019,TRUE,311,311,0.002789189
DOGE_20190412,4/12/2019,TRUE,334,334,0.002855556
DOGE_20190413,4/13/2019,TRUE,272,272,0.002872341
DOGE_20190414,4/14/2019,TRUE,269,269,0.002881953
DOGE_20190415,4/15/2019,TRUE,304,304,0.002789931
DOGE_20190416,4/16/2019,TRUE,330,330,0.002835008
DOGE_20190417,4/17/2019,TRUE,350,350,0.002809786
DOGE_20190418,4/18/2019,TRUE,400,400,0.002945788
DOGE_20190419,4/19/2019,TRUE,313,313,0.002892813
DOGE_20190420,4/20/2019,TRUE,316,316,0.002901858
DOGE_20190421,4/21/2019,TRUE,246,246,0.002759581
DOGE_20190422,4/22/2019,TRUE,325,325,0.002798097
DOGE_20190423,4/23/2019,TRUE,333,333,0.002772467
DOGE_20190424,4/24/2019,TRUE,319,319,0.002599104
DOGE_20190425,4/25/2019,TRUE,300,300,0.002505726
DOGE_20190426,4/26/2019,TRUE,263,263,0.002519433
DOGE_20190427,4/27/2019,TRUE,251,251,0.002516163
DOGE_20190428,4/28/2019,TRUE,253,253,0.002531296
DOGE_20190429,4/29/2019,TRUE,278,278,0.00246641
DOGE_20190430,4/30/2019,TRUE,453,453,0.002512727
DOGE_20200101,1/1/2020,TRUE,137,137,0.002032614
DOGE_20200102_Latest32,1/2/2020,FALSE,32,255,0.002008643
DOGE_20200103,1/3/2020,TRUE,182,182,0.002145376
DOGE_20200104,1/4/2020,TRUE,256,256,0.002241144
DOGE_20200105,1/5/2020,TRUE,248,248,0.002419075
DOGE_20200106,1/6/2020,TRUE,295,295,0.002462966
DOGE_20200107,1/7/2020,TRUE,204,204,0.002432763
DOGE_20200108,1/8/2020,TRUE,237,237,0.002292894
DOGE_20200109,1/9/2020,TRUE,241,241,0.002256095
DOGE_20200110,1/10/2020,TRUE,304,304,0.002355722
DOGE_20200111,1/11/2020,TRUE,169,169,0.002313559
DOGE_20200112,1/12/2020,TRUE,177,177,0.002380681
DOGE_20200113,1/13/2020,TRUE,203,203,0.002357752
DOGE_20200114,1/14/2020,TRUE,213,213,0.002470019
DOGE_20200115,1/15/2020,TRUE,196,196,0.002368673
DOGE_20200116,1/16/2020,TRUE,166,166,0.002344843
DOGE_20200117,1/17/2020,TRUE,259,259,0.002489898
DOGE_20200118,1/18/2020,TRUE,277,277,0.002507053
DOGE_20200119,1/19/2020,TRUE,216,216,0.002405036
DOGE_20200120,1/20/2020,TRUE,206,206,0.002374056
DOGE_20200121,1/21/2020,TRUE,188,188,0.00237643
DOGE_20200122,1/22/2020,TRUE,164,164,0.002323446
DOGE_20200123,1/23/2020,TRUE,196,196,0.002267636
DOGE_20200124,1/24/2020,TRUE,187,187,0.002275864
DOGE_20200125,1/25/2020,TRUE,223,223,0.002257336
DOGE_20200126,1/26/2020,TRUE,204,204,0.002304631
DOGE_20200127,1/27/2020,TRUE,170,170,0.002367672
DOGE_20200128,1/28/2020,TRUE,216,216,0.002449574
DOGE_20200129,1/29/2020,TRUE,221,221,0.002389703
DOGE_20200130,1/30/2020,TRUE,168,168,0.002440406
DOGE_20200131,1/31/2020,TRUE,191,191,0.002393568
DOGE_20200201,2/1/2020,TRUE,203,203,0.00242204
DOGE_20200202,2/2/2020,TRUE,200,200,0.002468476
DOGE_20200203,2/3/2020,TRUE,198,198,0.002439852
DOGE_20200204,2/4/2020,TRUE,253,253,0.002503301
DOGE_20200205_Latest133,2/5/2020,FALSE,133,281,0.002581992
DOGE_20200206,2/6/2020,TRUE,252,252,0.002653085
DOGE_20200207_Latest7,2/7/2020,FALSE,7,179,0.002768733
DOGE_20200208,2/8/2020,TRUE,624,624,0.003158599
DOGE_20200209,2/9/2020,TRUE,459,459,0.003232262
DOGE_20200210,2/10/2020,TRUE,374,374,0.002986307
DOGE_20200211,2/11/2020,TRUE,278,278,0.003040721
DOGE_20200212,2/12/2020,TRUE,301,301,0.003092775
DOGE_20200213,2/13/2020,TRUE,259,259,0.003025894
DOGE_20200214,2/14/2020,TRUE,232,232,0.003129847
DOGE_20200215,2/15/2020,TRUE,239,239,0.00291957
DOGE_20200216,2/16/2020,TRUE,210,210,0.002774344
DOGE_20200217,2/17/2020,TRUE,234,234,0.002712306
DOGE_20200218,2/18/2020,TRUE,292,292,0.002839305
DOGE_20200219,2/19/2020,TRUE,213,213,0.002624076
DOGE_20200220,2/20/2020,TRUE,186,186,0.002658767
DOGE_20200221,2/21/2020,TRUE,214,214,0.002648282
DOGE_20200222_Latest137,2/22/2020,FALSE,137,205,0.002601417
DOGE_20200223,2/23/2020,TRUE,185,185,0.002680245
DOGE_20200224,2/24/2020,TRUE,221,221,0.002589575
DOGE_20200225,2/25/2020,TRUE,197,197,0.002476182
DOGE_20200226,2/26/2020,TRUE,206,206,0.002339206
DOGE_20200227,2/27/2020,TRUE,235,235,0.002323815
DOGE_20200228,2/28/2020,TRUE,160,160,0.002288663
DOGE_20200229,2/29/2020,TRUE,171,171,0.002234765
DOGE_20200301,3/1/2020,TRUE,191,191,0.002274739
DOGE_20200302,3/2/2020,TRUE,172,172,0.002348606
DOGE_20200303,3/3/2020,TRUE,525,525,0.00249926
DOGE_20200304,3/4/2020,TRUE,348,348,0.002398018
DOGE_20200305,3/5/2020,TRUE,236,236,0.002505808
DOGE_20200306,3/6/2020,TRUE,212,212,0.00249569
DOGE_20200307,3/7/2020,TRUE,169,169,0.002404551
DOGE_20200308,3/8/2020,TRUE,200,200,0.002186929
DOGE_20200309,3/9/2020,TRUE,202,202,0.002214386
DOGE_20200310,3/10/2020,TRUE,210,210,0.00220657
DOGE_20200311,3/11/2020,TRUE,166,166,0.00218362
DOGE_20200312,3/12/2020,TRUE,293,293,0.001537197
DOGE_20200313,3/13/2020,TRUE,212,212,0.001737828
DOGE_20200314,3/14/2020,TRUE,155,155,0.001665741
DOGE_20200315,3/15/2020,TRUE,156,156,0.001685257
DOGE_20200316,3/16/2020,TRUE,160,160,0.001587194
DOGE_20200317,3/17/2020,TRUE,170,170,0.001587378
DOGE_20200318,3/18/2020,TRUE,129,129,0.001565583
DOGE_20200319,3/19/2020,TRUE,207,207,0.001773246
DOGE_20200320,3/20/2020,TRUE,160,160,0.001772574
DOGE_20200321,3/21/2020,TRUE,111,111,0.001784542
DOGE_20200322,3/22/2020,TRUE,155,155,0.001730896
DOGE_20200323,3/23/2020,TRUE,170,170,0.001804578
DOGE_20200324,3/24/2020,TRUE,161,161,0.001850777
DOGE_20200325,3/25/2020,TRUE,174,174,0.001833944
DOGE_20200326,3/26/2020,TRUE,166,166,0.001841567
DOGE_20200327,3/27/2020,TRUE,154,154,0.001807071
DOGE_20200328,3/28/2020,TRUE,126,126,0.001777816
DOGE_20200329,3/29/2020,TRUE,162,162,0.001723252
DOGE_20200330,3/30/2020,TRUE,203,203,0.001831039
DOGE_20200331_Latest4,3/31/2020,FALSE,4,102,0.001810937
DOGE_20200401,4/1/2020,TRUE,246,246,0.001866659
DOGE_20200402,4/2/2020,TRUE,185,185,0.00188209
DOGE_20200403,4/3/2020,TRUE,138,138,0.001853061
DOGE_20200404,4/4/2020,TRUE,158,158,0.001880419
DOGE_20200405,4/5/2020,TRUE,125,125,0.001865086
DOGE_20200406,4/6/2020,TRUE,156,156,0.001980099
DOGE_20200407,4/7/2020,TRUE,263,263,0.001997306
DOGE_20200408,4/8/2020,TRUE,130,130,0.0020118
DOGE_20200409,4/9/2020,TRUE,143,143,0.002021473
DOGE_20200410,4/10/2020,TRUE,164,164,0.001968189
DOGE_20200411,4/11/2020,TRUE,207,207,0.001989686
DOGE_20200412,4/12/2020,TRUE,146,146,0.001990097
DOGE_20200413,4/13/2020,TRUE,148,148,0.001958876
DOGE_20200414,4/14/2020,TRUE,204,204,0.001964467
DOGE_20200415,4/15/2020,TRUE,166,166,0.001940491
DOGE_20200416,4/16/2020,TRUE,161,161,0.002027667
DOGE_20200417,4/17/2020,TRUE,186,186,0.002013174
DOGE_20200418,4/18/2020,TRUE,159,159,0.002060898
DOGE_20200419,4/19/2020,TRUE,149,149,0.002058282
DOGE_20200420,4/20/2020,TRUE,232,232,0.001982187
DOGE_20200421,4/21/2020,TRUE,177,177,0.001971493
DOGE_20200422,4/22/2020,TRUE,170,170,0.002010761
DOGE_20200423,4/23/2020,TRUE,184,184,0.002047119
DOGE_20200424,4/24/2020,TRUE,135,135,0.00210275
DOGE_20200425,4/25/2020,TRUE,211,211,0.00214152
DOGE_20200426,4/26/2020,TRUE,385,385,0.002409088
DOGE_20200427,4/27/2020,TRUE,298,298,0.002354876
DOGE_20200428,4/28/2020,TRUE,193,193,0.002338884
DOGE_20200429,4/29/2020,TRUE,220,220,0.00251711
DOGE_20200430,4/30/2020,TRUE,219,219,0.002442857
DOGE_20210315_Latest4405,3/15/2021,FALSE,4405,5985,0.05708768
DOGE_20210316_Latest4044,3/16/2021,FALSE,4044,6706,0.0586074
DOGE_20210317_Latest4338,3/17/2021,FALSE,4338,6814,0.05765313
DOGE_20210318,3/18/2021,TRUE,6003,6003,0.05738277
DOGE_20210319,3/19/2021,TRUE,6033,6033,0.05832836
DOGE_20210320,3/20/2021,TRUE,5482,5482,0.05896063
DOGE_20210321,3/21/2021,TRUE,4258,4258,0.05723426
DOGE_20210322,3/22/2021,TRUE,4832,4832,0.0549616
DOGE_20210323,3/23/2021,TRUE,4893,4893,0.05355558
DOGE_20210324,3/24/2021,TRUE,6150,6150,0.05170175
DOGE_20210325,3/25/2021,TRUE,5015,5015,0.05144848
DOGE_20210326,3/26/2021,TRUE,4246,4246,0.05395158
DOGE_20210327,3/27/2021,TRUE,4170,4170,0.05437709
DOGE_20210328,3/28/2021,TRUE,4026,4026,0.05369841
DOGE_20210329,3/29/2021,TRUE,3797,3797,0.05405164
DOGE_20210330,3/30/2021,TRUE,4115,4115,0.05390039
DOGE_20210331,3/31/2021,TRUE,3598,3598,0.05365728
DOGE_20210401,4/1/2021,TRUE,10170,10170,0.06198606
DOGE_20210402,4/2/2021,TRUE,5077,5077,0.05766378
DOGE_20210403_Latest898,4/3/2021,FALSE,898,3355,0.0558036
DOGE_20210404,4/4/2021,TRUE,3517,3517,0.0574037
DOGE_20210405,4/5/2021,TRUE,3906,3906,0.05969593
DOGE_20210406,4/6/2021,TRUE,5449,5449,0.06445823
DOGE_20210407,4/7/2021,TRUE,5477,5477,0.05902847
DOGE_20210408,4/8/2021,TRUE,3821,3821,0.06146385
DOGE_20210409,4/9/2021,TRUE,4445,4445,0.06168375
DOGE_20210410,4/10/2021,TRUE,5052,5052,0.06384492
DOGE_20210411,4/11/2021,TRUE,11622,11622,0.07464893
DOGE_20210412,4/12/2021,TRUE,4985,4985,0.07076687
DOGE_20210413,4/13/2021,TRUE,16228,16228,0.09344469
DOGE_20210414_Latest23795,4/14/2021,FALSE,23795,26909,0.12151736
DOGE_20210415_Latest25940,4/15/2021,FALSE,25940,29334,0.18220744
DOGE_20210416_Latest11037,4/16/2021,FALSE,11037,50549,0.36587002
DOGE_20210417_Latest463,4/17/2021,FALSE,463,11850,0.28417344
DOGE_20210418_Latest21553,4/18/2021,FALSE,21553,22397,0.32047533
DOGE_20210419_Latest5173,4/19/2021,FALSE,5173,41189,0.40731778
DOGE_20210420_Latest37310,4/20/2021,FALSE,37310,40444,0.31949967
DOGE_20210421_Latest3160,4/21/2021,FALSE,3160,18576,0.30692451
DOGE_20210422_Latest4137,4/22/2021,FALSE,4137,18947,0.26096732
DOGE_20210423_Latest5088,4/23/2021,FALSE,5088,13716,0.24850933
DOGE_20210424_Latest6266,4/24/2021,FALSE,6266,13228,0.27021226
DOGE_20210425,4/25/2021,TRUE,12409,12409,0.25111084
DOGE_20210426_Latest8792,4/26/2021,FALSE,8792,10925,0.27067449
DOGE_20210427,4/27/2021,TRUE,12276,12276,0.2721883
DOGE_20210428_Latest654,4/28/2021,FALSE,654,16739,0.32368163
DOGE_20210429_Latest11097,4/29/2021,FALSE,11097,12029,0.30516938
DOGE_20210430,4/30/2021,TRUE,12678,12678,0.33756111
DOGE_20210501,5/1/2021,FALSE,10282,16151,0.39298743
DOGE_20210502,5/2/2021,TRUE,14634,14634,0.3760461
DOGE_20210503,5/3/2021,TRUE,26238,26238,0.44170671
DOGE_20210504_Latest50001_max,5/4/2021,FALSE,50001,78540,0.54133438
DOGE_20210505_Latest24076_keyboard,5/5/2021,FALSE,24076,42581,0.65763288
DOGE_20210506_Latest15060_http,5/6/2021,FALSE,15060,28811,0.58080387
DOGE_20210507_Latest23920,5/7/2021,FALSE,23920,32500,0.68477698
DOGE_20210508_Latest31173,5/8/2021,FALSE,31173,38737,0.63643918
DOGE_20210509,5/9/2021,TRUE,86124,86124,0.57007049
DOGE_20210510_Latest23093_twice,5/10/2021,FALSE,23093,40843,0.44996367
DOGE_20210511,5/11/2021,TRUE,42077,42077,0.49523086
DOGE_20210512,5/12/2021,TRUE,41564,41564,0.38537602
DOGE_20210513_Latest19119,5/13/2021,FALSE,19119,51539,0.49037394
DOGE_20210514_Latest14932,5/14/2021,FALSE,14932,35399,0.55960438
DOGE_20210515,5/15/2021,TRUE,25018,25018,0.50797205
DOGE_20210516,5/16/2021,TRUE,42234,42234,0.51489521
DOGE_20210517,5/17/2021,TRUE,37518,37518,0.48789165
DOGE_20210518,5/18/2021,TRUE,22903,22903,0.47611501
DOGE_20210519,5/19/2021,TRUE,31045,31045,0.33312345
DOGE_20210520,5/20/2021,TRUE,26001,26001,0.40019368
DOGE_20210521,5/21/2021,TRUE,19089,19089,0.35938192
DOGE_20210522_Latest3876,5/22/2021,FALSE,3876,14482,0.34237123
DOGE_20210523,5/23/2021,TRUE,17019,17019,0.30807063
DOGE_20210524_Latest20257,5/24/2021,FALSE,20257,27523,0.36616223
DOGE_20210525,5/25/2021,TRUE,35883,35883,0.34630195
DOGE_20210526,5/26/2021,TRUE,18900,18900,0.35369307
DOGE_20210527_Latest21730_keyboard,5/27/2021,FALSE,21730,24573,0.33294531
DOGE_20210528,5/28/2021,TRUE,13175,13175,0.31120487
DOGE_20210529,5/29/2021,TRUE,11339,11339,0.30310971
DOGE_20210530,5/30/2021,TRUE,10699,10699,0.30222359
DOGE_20210531,5/31/2021,TRUE,11127,11127,0.32581045
DOGE_20210601,6/1/2021,TRUE,16006,16006,0.37007655
DOGE_20210602,6/2/2021,TRUE,23250,23250,0.42337353
DOGE_20210603,6/3/2021,TRUE,18073,18073,0.39996289
DOGE_20210604,6/4/2021,TRUE,17889,17889,0.37632255
DOGE_20210605,6/5/2021,TRUE,15913,15913,0.3721774
DOGE_20210606_Latest2533,6/6/2021,FALSE,2533,14890,0.37180708
DOGE_20210607,6/7/2021,TRUE,12743,12743,0.33104994
DOGE_20210608,6/8/2021,TRUE,11962,11962,0.32768651
DOGE_20210609,6/9/2021,TRUE,12283,12283,0.34333093
DOGE_20210610,6/10/2021,TRUE,10219,10219,0.3263507
DOGE_20210611,6/11/2021,TRUE,12604,12604,0.31935918
DOGE_20210612_Latest1484,6/12/2021,FALSE,1484,8723,0.31208361
DOGE_20210613_Latest6340,6/13/2021,FALSE,6340,10513,0.32438177
DOGE_20210614_Latest7141,6/14/2021,FALSE,7141,11841,0.33208479
DOGE_20210615_Latest97,6/15/2021,FALSE,194,4965,0.32838122
DOGE_20210616_Latest2052,6/16/2021,FALSE,2052,9398,0.30776119
DOGE_20210617_Latest208,6/17/2021,FALSE,208,5324,0.30649565
DOGE_20210618_Latest6801,6/18/2021,FALSE,6801,10189,0.29347221
DOGE_20210619,6/19/2021,TRUE,9632,9632,0.28735578
DOGE_20210620_Latest778,6/20/2021,FALSE,778,6195,0.28090031
DOGE_20210621_Latest9673,6/21/2021,FALSE,9673,22932,0.17869117
DOGE_20210622_Latest9521,6/22/2021,FALSE,9521,14955,0.19103065
DOGE_20210623,6/23/2021,TRUE,12399,12399,0.23217351
DOGE_20210624_Latest7345,6/24/2021,FALSE,7345,10494,0.26278229
DOGE_20210625_Latest2619,6/25/2021,FALSE,2619,8241,0.23915293
DOGE_20210626,6/26/2021,TRUE,8767,8767,0.2447839
DOGE_20210627_Latest5180,6/27/2021,FALSE,5180,8137,0.26444968
DOGE_20210628_Latest5753,6/28/2021,FALSE,5753,8220,0.2568567
DOGE_20210629_Latest5750,6/29/2021,FALSE,5750,10170,0.26276884
DOGE_20210630_Latest2462,6/30/2021,FALSE,2462,7747,0.25421537
DOGE_20210701,7/1/2021,TRUE,10954,10954,0.24454948
DOGE_20210702,7/2/2021,TRUE,10364,10364,0.24526382
DOGE_20210703_Latest6731,7/3/2021,FALSE,6731,7612,0.24641099
DOGE_20210704,7/4/2021,TRUE,7542,7542,0.24648301
DOGE_20210705_Latest3208,7/5/2021,FALSE,3208,7605,0.23161442
DOGE_20210706_Latest5198,7/6/2021,FALSE,5198,9193,0.23442176
DOGE_20210707_Latest4815,7/7/2021,FALSE,4815,8516,0.22412644
DOGE_20210708_Latest4637,7/8/2021,FALSE,4637,9789,0.20759706
DOGE_20210709_Latest1640,7/9/2021,FALSE,1640,9641,0.21986443
DOGE_20210710_Latest5147,7/10/2021,FALSE,5147,8085,0.21391985
DOGE_20210711_Latest1975,7/11/2021,FALSE,1975,6215,0.21585569
DOGE_20210712_Latest2364,7/12/2021,FALSE,2364,7439,0.20804765
DOGE_20210713_Latest3383,7/13/2021,FALSE,3383,7142,0.20000332
DOGE_20210714_Latest2830,7/14/2021,FALSE,2830,8905,0.19732389
DOGE_20210715_Latest5216,7/15/2021,FALSE,5216,9225,0.18488813
DOGE_20210716_Latest6453,7/16/2021,FALSE,6453,8378,0.17234527
DOGE_20210717_Latest6231,7/17/2021,FALSE,6231,10332,0.18612458
DOGE_20210718_Latest1425,7/18/2021,FALSE,1425,5324,0.18223327
DOGE_20210719_Latest3198,7/19/2021,FALSE,3198,7581,0.17355566
DOGE_20210720,7/20/2021,TRUE,8528,8528,0.1708005
DOGE_20210721_Latest5948,7/21/2021,FALSE,5948,12556,0.19034875
DOGE_20210722_Latest1544,7/22/2021,FALSE,1544,5769,0.19130285
DOGE_20210723_Latest1628,7/23/2021,FALSE,1628,6083,0.19476438
DOGE_20210724_Latest568,7/24/2021,FALSE,568,4523,0.19731913
DOGE_20210725_Latest1081,7/25/2021,FALSE,1081,6355,0.19786369
DOGE_20210726,7/26/2021,TRUE,9425,9425,0.20441896
DOGE_20210727_Latest4315,7/27/2021,FALSE,4315,6778,0.20589886
DOGE_20210728_Latest1981,7/28/2021,FALSE,1981,6233,0.20539163
DOGE_20210729_Latest2158,7/29/2021,FALSE,2158,5817,0.20461877
DOGE_20210730_Latest764,7/30/2021,FALSE,764,6083,0.20882051
DOGE_20210731_Latest220,7/31/2021,FALSE,220,5631,0.20831411
DOGE_20210801_Latest126,8/1/2021,FALSE,126,3225,0.20443724
DOGE_20210802_Latest283,8/2/2021,FALSE,283,3470,0.20359977
DOGE_20210803_Latest5693,8/3/2021,FALSE,5693,5916,0.1959668
DOGE_20210804_Latest1050,8/4/2021,FALSE,1050,4809,0.20149014
DOGE_20210805_Latest511,8/5/2021,FALSE,511,4069,0.20097429
DOGE_20210806_Latest2450,8/6/2021,FALSE,2450,5808,0.20468795
DOGE_20210807_Latest2381,8/7/2021,FALSE,2381,8896,0.26034143
DOGE_20210808_Latest2337,8/8/2021,FALSE,2337,5540,0.24004497
DOGE_20210809_Latest2559,8/9/2021,FALSE,2559,6898,0.25689687
DOGE_20210810_Latest1621,8/10/2021,FALSE,1621,6057,0.25732488
DOGE_20210811_Latest4304,8/11/2021,FALSE,4304,7612,0.26526275
DOGE_20210812_Latest642,8/12/2021,FALSE,642,5112,0.26392109
DOGE_20210813_Latest3429,8/13/2021,FALSE,3429,6065,0.28680801
DOGE_20210814_Latest3923,8/14/2021,FALSE,3923,6505,0.29311278
DOGE_20210815,8/15/2021,TRUE,9658,9658,0.34144116
DOGE_20210816_Latest6685,8/16/2021,FALSE,6685,7903,0.32071519
DOGE_20210817_Latest4884,8/17/2021,FALSE,4884,7317,0.2994419
DOGE_20210818,8/18/2021,TRUE,8042,8042,0.30373878
DOGE_20210819_Latest1232,8/19/2021,FALSE,1232,7242,0.31714371
DOGE_20210820_Latest47,8/20/2021,FALSE,47,1203,0.3274909
DOGE_20210821_Latest6,8/21/2021,FALSE,6,154,0.31679724
DOGE_20210822_Latest814,8/22/2021,FALSE,814,4785,0.31496294
DOGE_20210823_Latest3104,8/23/2021,FALSE,3104,5938,0.31791399
DOGE_20210824_Latest1790,8/24/2021,FALSE,1790,5632,0.28873887
DOGE_20210825_Latest646,8/25/2021,FALSE,646,5144,0.2922256
DOGE_20210826_Latest2200,8/26/2021,FALSE,2200,5215,0.26890912
DOGE_20210827_Latest547,8/27/2021,FALSE,547,4355,0.29443262
DOGE_20210828_Latest2259,8/28/2021,FALSE,2259,4769,0.28562899
DOGE_20210829_Latest1643,8/29/2021,FALSE,1643,4429,0.28112545
DOGE_20210830_Latest2576,8/30/2021,FALSE,2576,5438,0.2721245
DOGE_20210831_Latest1692,8/31/2021,FALSE,1692,5324,0.2784533
DOGE_20210901_Latest283,9/1/2021,FALSE,283,3470,0.29440085
DOGE_20210902_Latest2569,9/2/2021,FALSE,2569,8084,0.29595541
DOGE_20210903_Latest527,9/3/2021,FALSE,527,4196,0.29627335
DOGE_20210904_Latest3633,9/4/2021,FALSE,3633,5191,0.29938789
DOGE_20210905_Latest2211,9/5/2021,FALSE,2211,6957,0.31452745
DOGE_20210906_Latest711,9/6/2021,FALSE,711,5661,0.30876532
DOGE_20210907_Latest5850,9/7/2021,FALSE,5850,6341,0.25374354
DOGE_20210908,9/8/2021,TRUE,6096,6096,0.25711292
DOGE_20210909_Latest3015,9/9/2021,FALSE,3015,4736,0.25259562
DOGE_20210910_Latest1026,9/10/2021,FALSE,1026,3833,0.23998157
DOGE_20210911_Latest135,9/11/2021,FALSE,135,3455,0.24143193
DOGE_20210912_Latest1539,9/12/2021,FALSE,1539,5750,0.25061652
DOGE_20210913_Latest846,9/13/2021,FALSE,846,4973,0.235906057
DOGE_20210914_Latest263,9/14/2021,FALSE,263,3225,0.240709052
DOGE_20210915_Latest804,9/15/2021,FALSE,804,4726,0.247696967
DOGE_20210916_Latest516,9/16/2021,FALSE,516,4109,0.242554758
DOGE_20210917_Latest822,9/17/2021,FALSE,822,4832,0.239929926
DOGE_20210918_Latest1704,9/18/2021,FALSE,1704,4040,0.241386169
DOGE_20210919_Latest781,9/19/2021,FALSE,781,3577,0.233142293
DOGE_20210920,9/20/2021,TRUE,5371,5371,0.207070875
DOGE_20210921_Latest3177,9/21/2021,FALSE,3177,8564,0.201027301
DOGE_20210922_Latest2921,9/22/2021,FALSE,2921,9191,0.224858421
DOGE_20210923,9/23/2021,TRUE,6739,6739,0.224832299
DOGE_20210924_Latest5973,9/24/2021,FALSE,5973,6475,0.209451035
DOGE_20210925_Latest2694,9/25/2021,FALSE,2694,4232,0.208640221
DOGE_20210926_Latest1154,9/26/2021,FALSE,1154,4312,0.204961689
DOGE_20210927_Latest403,9/27/2021,FALSE,403,3209,0.20026162
DOGE_20210928_Latest3457,9/28/2021,FALSE,3457,4697,0.196803522
DOGE_20210929_Latest712,9/29/2021,FALSE,712,4185,0.198875734
DOGE_20210930_Latest117,9/30/2021,FALSE,117,2995,0.204243778
DOGE_20211001_Latest1014,10/1/2021,FALSE,1014,4644,0.223010183
DOGE_20211002_Latest769,10/2/2021,FALSE,769,4520,0.219133188
DOGE_20211003_Latest895,10/3/2021,FALSE,895,4099,0.221748148
DOGE_20211004_Latest5614,10/4/2021,FALSE,5614,8411,0.240852072
DOGE_20211005_Latest6569,10/5/2021,FALSE,6569,8925,0.252015557
DOGE_20211006_Latest1020,10/6/2021,FALSE,1020,8122,0.255133788
DOGE_20211007_Latest1758,10/7/2021,FALSE,1758,6568,0.242923256
DOGE_20211008_Latest4944,10/8/2021,FALSE,4944,6717,0.243851282
DOGE_20211009_Latest2615,10/9/2021,FALSE,2615,5520,0.246595539
DOGE_20211010_Latest4521,10/10/2021,FALSE,4521,5618,0.229804997
DOGE_20211011,10/11/2021,TRUE,7100,7100,0.23150346
DOGE_20211012_Latest5384,10/12/2021,FALSE,5384,6990,0.226242059
DOGE_20211013_Latest1038,10/13/2021,FALSE,1038,6102,0.23257197
DOGE_20211014_Latest840,10/14/2021,FALSE,840,4938,0.232272562
DOGE_20211015_Latest3550,10/15/2021,FALSE,3550,6279,0.233781721
DOGE_20211016_Latest929,10/16/2021,FALSE,929,4255,0.237291895
DOGE_20211017_Latest1603,10/17/2021,FALSE,1603,7342,0.237897635
DOGE_20211018_Latest390,10/18/2021,FALSE,390,4782,0.24728094
DOGE_20211019_Latest309,10/19/2021,FALSE,309,3789,0.245788216
DOGE_20211020_Latest4135,10/20/2021,FALSE,4135,7911,0.254092987
DOGE_20211021_Latest1827,10/21/2021,FALSE,1827,4925,0.242391052
DOGE_20211022_Latest877,10/22/2021,FALSE,877,6983,0.24422091
DOGE_20211023_Latest1085,10/23/2021,FALSE,1085,6378,0.251732527
DOGE_20211024_Latest11524,10/24/2021,FALSE,11524,15658,0.277048048
DOGE_20211025_Latest1284,10/25/2021,FALSE,1284,7548,0.264706959
DOGE_20211026_Latest963,10/26/2021,FALSE,963,7668,0.255731654
DOGE_20211027_Latest12400,10/27/2021,FALSE,12400,19478,0.237689634
DOGE_20211028_Latest14419,10/28/2021,FALSE,14419,21602,0.300446508
DOGE_20211029_Latest2950,10/29/2021,FALSE,2950,11022,0.287852672
DOGE_20211030_Latest96,10/30/2021,FALSE,96,2457,0.26834496
DOGE_20211031_Latest1099,10/31/2021,FALSE,1099,8751,0.280244448
DOGE_20211101_Latest6694,11/1/2021,FALSE,6694,11100,0.271727768
DOGE_20211102_Latest3780,11/2/2021,FALSE,3780,10190,0.273121318
DOGE_20211103_Latest1854,11/3/2021,FALSE,1854,8491,0.269406786
DOGE_20211104_Latest53,11/4/2021,FALSE,53,1357,0.263280324
DOGE_20211105_Latest1439,11/5/2021,FALSE,1439,8459,0.261465344
DOGE_20211106_Latest2906,11/6/2021,FALSE,2906,7834,0.261898116
DOGE_20211107_Latest938,11/7/2021,FALSE,938,7469,0.26631461
DOGE_20211108_Latest1262,11/8/2021,FALSE,1262,7418,0.28235855
DOGE_20211109_Latest3401,11/9/2021,FALSE,3401,9168,0.273526498
DOGE_20211110_Latest1016,11/10/2021,FALSE,1016,5972,0.255708534
DOGE_20211111_Latest1685,11/11/2021,FALSE,1685,6296,0.26116669
DOGE_20211112_Latest330,11/12/2021,FALSE,330,4046,0.259414382
DOGE_20211113_Latest1805,11/13/2021,FALSE,1805,5680,0.261706051
DOGE_20211114_Latest512,11/14/2021,FALSE,512,4077,0.262911505
DOGE_20211115_Latest1620,11/15/2021,FALSE,1620,6053,0.256528942
DOGE_20211116_Latest318,11/16/2021,FALSE,318,3899,0.237249305
DOGE_20211117_Latest1902,11/17/2021,FALSE,1902,5985,0.237487295
DOGE_20211118_Latest13,11/18/2021,FALSE,13,333,0.221382636
DOGE_20211119_Latest301,11/19/2021,FALSE,301,3690,0.233109946
DOGE_20211120_Latest6,11/20/2021,FALSE,6,154,0.233023933
DOGE_20211121_Latest420,11/21/2021,FALSE,420,3344,0.226328225
DOGE_20211122_Latest8,11/22/2021,FALSE,8,205,0.219675664
DOGE_20211123_Latest471,11/23/2021,FALSE,471,5775,0.226512379
DOGE_20211124_Latest764,11/24/2021,FALSE,764,6083,0.221825132
DOGE_20211125_Latest568,11/25/2021,FALSE,568,6964,0.216326162
DOGE_20211126_Latest745,11/26/2021,FALSE,745,4379,0.200887229
DOGE_20211127_Latest50,11/27/2021,FALSE,50,1280,0.205346867
DOGE_20211128_Latest3308,11/28/2021,FALSE,3308,5851,0.207472298
DOGE_20211129_Latest108,11/29/2021,FALSE,108,2764,0.215175238
DOGE_20211130_Latest1154,11/30/2021,FALSE,1154,5285,0.214714512
DOGE_20211201_Latest260,12/1/2021,FALSE,260,3188,0.209486963
DOGE_20211202_Latest1752,12/2/2021,FALSE,1752,5513,0.209726392
DOGE_20211203_Latest3040,12/3/2021,FALSE,3040,5377,0.199992698
DOGE_20211204_Latest316,12/4/2021,FALSE,316,3874,0.178853239
DOGE_20211205_Latest677,12/5/2021,FALSE,677,3980,0.171254838
DOGE_20211206_Latest268,12/6/2021,FALSE,268,3286,0.178400447
DOGE_20211207_Latest227,12/7/2021,FALSE,227,2783,0.17680548
DOGE_20211208_Latest161,12/8/2021,FALSE,161,1974,0.179150854
DOGE_20211209_Latest142,12/9/2021,FALSE,142,3634,0.169484223
DOGE_20211210_Latest106,12/10/2021,FALSE,106,2713,0.164421809
DOGE_20211211_Latest157,12/11/2021,FALSE,157,1925,0.169018743
DOGE_20211212_Latest111,12/12/2021,FALSE,111,2841,0.169890656
DOGE_20211213_Latest259,12/13/2021,FALSE,259,3175,0.157564902
DOGE_20211214_Latest171,12/14/2021,FALSE,171,4377,0.180157116
DOGE_20211215_Latest192,12/15/2021,FALSE,192,2354,0.181082193
DOGE_20211216_Latest230,12/16/2021,FALSE,230,2820,0.173454463
DOGE_20211217_Latest190,12/17/2021,FALSE,190,2330,0.16900983
DOGE_20211218_Latest77,12/18/2021,FALSE,77,1971,0.172399977
DOGE_20211219_Latest280,12/19/2021,FALSE,280,2229,0.169576079
DOGE_20211220_Latest597,12/20/2021,FALSE,597,3509,0.167321932
DOGE_20211221_Latest579,12/21/2021,FALSE,579,3404,0.171175297
DOGE_20211222_Latest162,12/22/2021,FALSE,162,1986,0.173213563
DOGE_20211223_Latest848,12/23/2021,FALSE,848,3168,0.184490388
DOGE_20211224_Latest417,12/24/2021,FALSE,417,3320,0.186621673
DOGE_20211225_Latest942,12/25/2021,FALSE,942,3520,0.19065728
DOGE_20211226_Latest93,12/26/2021,FALSE,93,2380,0.190019781
DOGE_20211227_Latest16,12/27/2021,FALSE,16,410,0.187705425
DOGE_20211228_Latest243,12/28/2021,FALSE,243,2979,0.174116994
DOGE_20211229_Latest753,12/29/2021,FALSE,753,3449,0.167765348
DOGE_20211230_Latest78,12/30/2021,FALSE,78,1996,0.171313359
DOGE_20220101_Latest30,1/1/2022,FALSE,30,768,0.173035374
DOGE_20220102_Latest514,1/2/2022,FALSE,514,4093,0.174403016
DOGE_20220103_Latest38,1/3/2022,FALSE,38,973,0.170088173
DOGE_20220104_Latest881,1/4/2022,FALSE,881,5179,0.168802501
DOGE_20220105_Latest532,1/5/2022,FALSE,532,6523,0.159420262
DOGE_20220106_Latest17,1/6/2022,FALSE,17,435,0.160213153
DOGE_20220107_Latest426,1/7/2022,FALSE,426,3392,0.155023184
DOGE_20220108_Latest358,1/8/2022,FALSE,358,2850,0.151953616
DOGE_20220109_Latest325,1/9/2022,FALSE,325,2588,0.151064873
DOGE_20220110_Latest1578,1/10/2022,FALSE,1578,3741,0.143359382
DOGE_20220111_Latest670,1/11/2022,FALSE,670,3939,0.153399498
DOGE_20220112_Latest611,1/12/2022,FALSE,611,3592,0.161651598
DOGE_20220113_Latest427,1/13/2022,FALSE,427,5235,0.172042724
DOGE_20220114_Latest36,1/14/2022,FALSE,36,921,0.183548594
DOGE_20220115_Latest105,1/15/2022,FALSE,105,2687,0.185102517
DOGE_20220116_Latest1563,1/16/2022,FALSE,1563,4213,0.177175558
DOGE_20220117_Latest86,1/17/2022,FALSE,86,2201,0.171145404
DOGE_20220118_Latest376,1/18/2022,FALSE,376,2994,0.16548515
DOGE_20220119_Latest643,1/19/2022,FALSE,643,3780,0.162355501
DOGE_20220120_Latest967,1/20/2022,FALSE,967,4429,0.155203802
DOGE_20220121_Latest694,1/21/2022,FALSE,694,4080,0.142640198
DOGE_20220122_Latest955,1/22/2022,FALSE,955,4374,0.132892189
DOGE_20220123_Latest1078,1/23/2022,FALSE,1078,4937,0.141863277
DOGE_20220124_Latest68,1/24/2022,FALSE,68,1740,0.137797931
DOGE_20220125_Latest4167,1/25/2022,FALSE,4167,7370,0.143048736
DOGE_20220126_Latest284,1/26/2022,FALSE,284,3482,0.143788891
DOGE_20220127_Latest141,1/27/2022,FALSE,141,3609,0.141247344
DOGE_20220128_Latest205,1/28/2022,FALSE,205,2513,0.141656267
DOGE_20220129_Latest246,1/29/2022,FALSE,246,3016,0.143055683
DOGE_20220130_Latest74,1/30/2022,FALSE,74,1894,0.139471164
DOGE_20220131_Latest275,1/31/2022,FALSE,275,3372,0.141805143
DOGE_20220201_Latest92,2/1/2022,FALSE,92,2355,0.142631092
DOGE_20220202_Latest420,2/2/2022,FALSE,420,3344,0.13723487
DOGE_20220203_Latest48,2/3/2022,FALSE,48,1229,0.137540574
DOGE_20220204_Latest246,2/4/2022,FALSE,246,3016,0.147503036
DOGE_20220205_Latest220,2/5/2022,FALSE,220,2697,0.147140671
DOGE_20220206_Latest130,2/6/2022,FALSE,130,3327,0.153770467
DOGE_20220207_Latest218,2/7/2022,FALSE,218,2673,0.165578274
DOGE_20220208_Latest115,2/8/2022,FALSE,115,2943,0.158405368
DOGE_20220209_Latest41,2/9/2022,FALSE,41,1049,0.159122565
DOGE_20220210_Latest166,2/10/2022,FALSE,166,4249,0.151889106
DOGE_20220211_Latest117,2/11/2022,FALSE,117,2995,0.144847131
DOGE_20220212_Latest73,2/12/2022,FALSE,73,1868,0.144404677
DOGE_20220213_Latest3190,2/13/2022,FALSE,3190,6103,0.148947881
DOGE_20220214_Latest43,2/14/2022,FALSE,43,1101,0.146002543
DOGE_20220215_Latest1115,2/15/2022,FALSE,1115,3006,0.151760923
DOGE_20220216_Latest219,2/16/2022,FALSE,219,2685,0.149095461
DOGE_20220217_Latest1351,2/17/2022,FALSE,1351,3642,0.138552087
DOGE_20220218_Latest586,2/18/2022,FALSE,586,2684,0.13876807
DOGE_20220219_Latest503,2/19/2022,FALSE,503,2957,0.141205625
DOGE_20220220_Latest390,2/20/2022,FALSE,390,2293,0.136867897
DOGE_20220221_Latest69,2/21/2022,FALSE,69,1766,0.128490299
DOGE_20220222_Latest364,2/22/2022,FALSE,364,2898,0.131552684
DOGE_20220223_Latest246,2/23/2022,FALSE,246,3016,0.12784618
DOGE_20220224_Latest1465,2/24/2022,FALSE,1465,2803,0.123812703
DOGE_20220225_Latest700,2/25/2022,FALSE,700,2615,0.127575589
DOGE_20220226_Latest519,2/26/2022,FALSE,519,3051,0.127646743
DOGE_20220227_Latest109,2/27/2022,FALSE,109,2790,0.123111468
DOGE_20220228_Latest703,2/28/2022,FALSE,703,3220,0.133156461
DOGE_20220301_Latest289,3/1/2022,FALSE,289,2301,0.133938005
DOGE_20220302_Latest586,3/2/2022,FALSE,586,3445,0.132989884
DOGE_20220303_Latest10,3/3/2022,FALSE,10,256,0.129610188
DOGE_20220304_Latest388,3/4/2022,FALSE,388,3089,0.12259107
DOGE_20220305_Latest57,3/5/2022,FALSE,57,1459,0.124995555
DOGE_20220306_Latest172,3/6/2022,FALSE,172,2109,0.12076552
DOGE_20220307_Latest157,3/7/2022,FALSE,157,1925,0.117104716
DOGE_20220308_Latest275,3/8/2022,FALSE,275,3372,0.117029293
DOGE_20220309_Latest372,3/9/2022,FALSE,372,2187,0.121587874
DOGE_20220310_Latest78,3/10/2022,FALSE,78,1996,0.116885141
DOGE_20220311_Latest433,3/11/2022,FALSE,433,2545,0.115602217
DOGE_20220313_Latest215,3/13/2022,FALSE,215,2636,0.111608127
DOGE_20220314_Latest225,3/14/2022,FALSE,225,2759,0.114047788
DOGE_20220315_Latest338,3/15/2022,FALSE,338,1987,0.112783809
DOGE_20220316_Latest318,3/16/2022,FALSE,318,2532,0.116908394
DOGE_20220317_Latest284,3/17/2022,FALSE,284,2261,0.11650192
DOGE_20220318_Latest200,3/18/2022,FALSE,200,1592,0.119305736
DOGE_20220319_Latest533,3/19/2022,FALSE,533,2441,0.1235686
DOGE_20220320_Latest374,3/20/2022,FALSE,374,2199,0.119153846
DOGE_20220321_Latest378,3/21/2022,FALSE,378,2222,0.119339434
DOGE_20220322_Latest17,3/22/2022,FALSE,17,435,0.122481207
DOGE_20220323_Latest58,3/23/2022,FALSE,58,1484,0.129727208
DOGE_20220324_Latest1659,3/24/2022,FALSE,1659,3502,0.136549942
DOGE_20220325_Latest459,3/25/2022,FALSE,459,2102,0.131013093
DOGE_20220326_Latest30,3/26/2022,FALSE,30,768,0.135867532
DOGE_20220327_Latest708,3/27/2022,FALSE,708,3243,0.144731535
DOGE_20220328_Latest91,3/28/2022,FALSE,91,2329,0.142657262
DOGE_20220329_Latest435,3/29/2022,FALSE,435,2557,0.144469592
DOGE_20220330_Latest347,3/30/2022,FALSE,347,2763,0.143210074
DOGE_20220331_Latest666,3/31/2022,FALSE,666,2488,0.137826066
DOGE_20220401_Latest12,4/1/2022,FALSE,12,307,0.141315452
DOGE_20220402_Latest69,4/2/2022,FALSE,69,1766,0.138912904
DOGE_20220403_Latest1575,4/3/2022,FALSE,1575,3734,0.146453143
DOGE_20220404_Latest179,4/4/2022,FALSE,179,4581,0.148590899
DOGE_20220405_Latest6471,4/5/2022,FALSE,6471,10730,0.17290653
DOGE_20220406_Latest396,4/6/2022,FALSE,396,3153,0.143416633
DOGE_20220407_Latest447,4/7/2022,FALSE,447,3559,0.146102068
DOGE_20220408_Latest229,4/8/2022,FALSE,229,2808,0.142548621
DOGE_20220409_Latest514,4/9/2022,FALSE,514,3021,0.144303485
DOGE_20220410_Latest975,4/10/2022,FALSE,975,4465,0.149535175
DOGE_20220411_Latest799,4/11/2022,FALSE,799,3659,0.134654143
DOGE_20220412_Latest647,4/12/2022,FALSE,647,3803,0.138076307
DOGE_20220413_Latest810,4/13/2022,FALSE,810,3710,0.140080413
DOGE_20220414_Latest1321,4/14/2022,FALSE,1321,6050,0.143920121
DOGE_20220415_Latest7,4/15/2022,FALSE,7,179,0.14602624
DOGE_20220416_Latest855,4/16/2022,FALSE,855,3195,0.143712169
DOGE_20220417_Latest1927,4/17/2022,FALSE,1927,3408,0.139458986
DOGE_20220418_Latest3031,4/18/2022,FALSE,3031,3766,0.140285666
DOGE_20220419_Latest1635,4/19/2022,FALSE,1635,3452,0.142664931
DOGE_20220420_Latest2271,4/20/2022,FALSE,2271,4017,0.140878345
DOGE_20220421_Latest539,4/21/2022,FALSE,539,3168,0.136365326
DOGE_20220422,4/22/2022,TRUE,3623,3623,0.136394987
DOGE_20220423_Latest1285,4/23/2022,FALSE,1285,3046,0.134241165
DOGE_20220424_Latest1979,4/24/2022,FALSE,1979,3282,0.131946938
DOGE_20220425_Latest10324,4/25/2022,FALSE,10324,15467,0.157958686
DOGE_20220426,4/26/2022,TRUE,9675,9675,0.137767103
DOGE_20220427_Latest1665,4/27/2022,FALSE,1665,3947,0.13969978
DOGE_20220428_Latest2990,4/28/2022,FALSE,2990,4480,0.137362613
DOGE_20220429_Latest3157,4/29/2022,FALSE,3157,4730,0.135027249
DOGE_20220430_Latest772,4/30/2022,FALSE,772,2884,0.127557409
DOGE_20220501_Latest778,5/1/2022,FALSE,778,2907,0.132772535
DOGE_20220502_Latest386,5/2/2022,FALSE,386,3073,0.130937986
DOGE_20220503_Latest489,5/3/2022,FALSE,489,3894,0.129520074
DOGE_20220504_Latest2688,5/4/2022,FALSE,2688,4754,0.135808756
DOGE_20220505_Latest387,5/5/2022,FALSE,387,3081,0.128429503
DOGE_20220506_Latest1221,5/6/2022,FALSE,1221,3842,0.127900509
DOGE_20220507_Latest1689,5/7/2022,FALSE,1689,4004,0.127532049
DOGE_20220508_Latest1066,5/8/2022,FALSE,1066,2874,0.12420718
DOGE_20220509_Latest2024,5/9/2022,FALSE,2024,4798,0.104823972
DOGE_20220510_Latest1853,5/10/2022,FALSE,1853,3545,0.108477475
DOGE_20220511_Latest1127,5/11/2022,FALSE,1127,5162,0.084580708
DOGE_20220512_Latest4021,5/12/2022,FALSE,4021,5745,0.082670982
DOGE_20220513,5/13/2022,TRUE,5192,5192,0.088330511
DOGE_20220514,5/14/2022,TRUE,4296,4296,0.089796405
DOGE_20220515_Latest2430,5/15/2022,FALSE,2430,3472,0.092842814
DOGE_20240201_Latest8,2/1/2024,FALSE,8,205,0.079326612
DOGE_20240202_Latest2356,2/2/2024,FALSE,2356,13849,0.07923293
DOGE_20240203_Latest1894,2/3/2024,FALSE,1894,3350,0.07865115
DOGE_20240204_Latest4,2/4/2024,FALSE,4,102,0.078237865
DOGE_20240205_Latest230,2/5/2024,FALSE,230,2820,0.078219596
DOGE_20240206_Latest6,2/6/2024,FALSE,6,154,0.078466014
DOGE_20240207_Latest51,2/7/2024,FALSE,51,1305,0.080104051
DOGE_20240208_Latest56,2/8/2024,FALSE,56,1433,0.079871175
DOGE_20240209_Latest9,2/9/2024,FALSE,9,230,0.081579135
DOGE_20240210_Latest120,2/10/2024,FALSE,120,1471,0.081448197
DOGE_20240211_Latest9,2/11/2024,FALSE,9,230,0.081193047
DOGE_20240212_Latest11,2/12/2024,FALSE,11,282,0.08234508
DOGE_20240214_Latest21,2/14/2024,FALSE,21,537,0.085542586
DOGE_20240215_Latest11,2/15/2024,FALSE,11,282,0.085355789
DOGE_20240216_Latest12,2/16/2024,FALSE,12,307,0.086013186
DOGE_20240217_Latest7,2/17/2024,FALSE,7,179,0.083593385
DOGE_20240218_Latest100,2/18/2024,FALSE,100,1226,0.08516649
DOGE_20240219_Latest649,2/19/2024,FALSE,649,2425,0.089476716
DOGE_20240220_Latest1534,2/20/2024,FALSE,1534,1814,0.086142966
DOGE_20240221_Latest79,2/21/2024,FALSE,79,969,0.084615074
DOGE_20240222_Latest12,2/22/2024,FALSE,12,307,0.084089075
DOGE_20240223_Latest28,2/23/2024,FALSE,28,717,0.084434343
DOGE_20240224_Latest164,2/24/2024,FALSE,164,964,0.086156247
DOGE_20240225_Latest801,2/25/2024,FALSE,801,1258,0.086099171
DOGE_20240226_Latest781,2/26/2024,FALSE,781,1851,0.089388656
DOGE_20240227,2/27/2024,TRUE,2455,2455,0.097671329
DOGE_20240228_Latest2592,2/28/2024,FALSE,2592,4298,0.116581866
DOGE_20240229,2/29/2024,TRUE,3398,3398,0.117184744
DOGE_20240301,3/1/2024,TRUE,2819,2819,0.139557153
DOGE_20240302_Latest2231,3/2/2024,FALSE,2231,2318,0.14212142
DOGE_20240303,3/3/2024,TRUE,2346,2346,0.153835768
DOGE_20240304_Latest694,3/4/2024,FALSE,694,3179,0.182910035
DOGE_20240305_Latest1185,3/5/2024,FALSE,1185,2809,0.153937326
DOGE_20240306_Latest17,3/6/2024,FALSE,17,435,0.157791451
DOGE_20240307_Latest1,3/7/2024,FALSE,1,26,0.15812147
DOGE_20240308_Latest83,3/8/2024,FALSE,83,2124,0.165346722
DOGE_20240309_Latest124,3/9/2024,FALSE,124,3174,0.179083044
DOGE_20240310_Latest267,3/10/2024,FALSE,267,3274,0.169920408
DOGE_20240311_Latest88,3/11/2024,FALSE,88,2252,0.181964936
DOGE_20240312_Latest119,3/12/2024,FALSE,119,3046,0.168144332
DOGE_20240313_Latest1427,3/13/2024,FALSE,1427,4490,0.169157836
DOGE_20240314_Latest1056,3/14/2024,FALSE,1056,4836,0.177330145
DOGE_20240315_Latest18,3/15/2024,FALSE,18,461,0.163231247
DOGE_20240316_Latest903,3/16/2024,FALSE,903,2841,0.142368104
DOGE_20240317_Latest672,3/17/2024,FALSE,672,3078,0.154329919
DOGE_20240318_Latest249,3/18/2024,FALSE,249,1983,0.143672898
DOGE_20240319_Latest1036,3/19/2024,FALSE,1036,2793,0.128727954
DOGE_20240320_Latest29,3/20/2024,FALSE,29,742,0.152186234
DOGE_20240321_Latest18,3/21/2024,FALSE,18,461,0.155291797
DOGE_20240322_Latest107,3/22/2024,FALSE,107,1312,0.152702847
DOGE_20240323_Latest2884,3/23/2024,FALSE,2884,4121,0.161768348
DOGE_20240324_Latest2481,3/24/2024,FALSE,2481,3897,0.176453365
DOGE_20240325_Latest713,3/25/2024,FALSE,713,3266,0.175366613
DOGE_20240326_Latest588,3/26/2024,FALSE,588,2693,0.182485558
DOGE_20240327_Latest77,3/27/2024,FALSE,77,1971,0.190330097
DOGE_20240328,3/28/2024,TRUE,7827,7827,0.220055916
DOGE_20240329_Latest2400,3/29/2024,FALSE,2400,3770,0.213490781
DOGE_20240330,3/30/2024,TRUE,3288,3288,0.199434397
DOGE_20240331_Latest846,3/31/2024,FALSE,846,3875,0.220064294
DOGE_20240401_Latest154,4/1/2024,FALSE,154,1888,0.20557041
DOGE_20240402_Latest80,4/2/2024,FALSE,80,2048,0.182303713
DOGE_20240403_Latest308,4/3/2024,FALSE,308,2452,0.17554688
DOGE_20240404_Latest105,4/4/2024,FALSE,105,2687,0.179925997
DOGE_20240405_Latest5,4/5/2024,FALSE,5,128,0.177517517
DOGE_20240406_Latest22,4/6/2024,FALSE,22,563,0.185950957
DOGE_20240407_Latest31,4/7/2024,FALSE,31,793,0.199108337
DOGE_20240408_Latest30,4/8/2024,FALSE,30,768,0.202639727
DOGE_20240409_Latest84,4/9/2024,FALSE,84,2150,0.189000695
DOGE_20240410_Latest75,4/10/2024,FALSE,75,1920,0.199984302
DOGE_20240411_Latest45,4/11/2024,FALSE,45,1152,0.194011162
DOGE_20240412_Latest51,4/12/2024,FALSE,51,1305,0.174597285
DOGE_20240413_Latest36,4/13/2024,FALSE,36,921,0.153168456
DOGE_20240414_Latest39,4/14/2024,FALSE,39,998,0.162284916
DOGE_20240416_Latest2151,4/16/2024,FALSE,2151,2793,0.155989443
DOGE_20240417_Latest418,4/17/2024,FALSE,418,2457,0.147605279
DOGE_20240418_Latest1227,4/18/2024,FALSE,1227,2347,0.152447853
DOGE_20240419_Latest78,4/19/2024,FALSE,78,1996,0.156267553
DOGE_20240420_Latest1564,4/20/2024,FALSE,1564,2992,0.162826799
DOGE_20240421_Latest9,4/21/2024,FALSE,9,230,0.15825953
DOGE_20240422_Latest1839,4/22/2024,FALSE,1839,2285,0.161193646
DOGE_20240423_Latest119,4/23/2024,FALSE,119,1459,0.159943906
DOGE_20240424_Latest589,4/24/2024,FALSE,589,2698,0.151354043
DOGE_20240425,4/25/2024,TRUE,2626,2626,0.151393575
DOGE_20240426_Latest153,4/26/2024,FALSE,153,1876,0.147837237
DOGE_20240427_Latest111,4/27/2024,FALSE,111,1361,0.147715708
DOGE_20240428_Latest1370,4/28/2024,FALSE,1370,2272,0.14669899
DOGE_20240429_Latest14,4/29/2024,FALSE,14,358,0.143492224
DOGE_20240430_Latest940,4/30/2024,FALSE,940,2228,0.133326745
DOGE_20240501_Latest38,5/1/2024,FALSE,38,973,0.130133911
DOGE_20240502_Latest531,5/2/2024,FALSE,531,2432,0.132106122
DOGE_20240503_Latest213,5/3/2024,FALSE,213,2611,0.14614551
DOGE_20240504_Latest386,5/4/2024,FALSE,386,3073,0.16015689
DOGE_20240505_Latest112,5/5/2024,FALSE,112,1373,0.161067569
DOGE_20240506_Latest590,5/6/2024,FALSE,590,2204,0.1566077
DOGE_20240507_Latest490,5/7/2024,FALSE,490,2244,0.150190025
DOGE_20240508_Latest497,5/8/2024,FALSE,497,2276,0.143294045
DOGE_20240509_Latest110,5/9/2024,FALSE,110,2815,0.152116817
DOGE_20240510_Latest7,5/10/2024,FALSE,7,179,0.144030772
DOGE_20240511_Latest36,5/11/2024,FALSE,36,921,0.142924163
DOGE_20240512_Latest123,5/12/2024,FALSE,123,1508,0.141230868
DOGE_20240513_Latest646,5/13/2024,FALSE,646,2959,0.148433561
DOGE_20240514_Latest3480,5/14/2024,FALSE,3480,3616,0.145419104
DOGE_20240515_Latest441,5/15/2024,FALSE,441,2592,0.155525951
DOGE_20240516_Latest3,5/16/2024,FALSE,3,77,0.149636591
DOGE_20240517_Latest199,5/17/2024,FALSE,199,1584,0.155562792
DOGE_20240518_Latest566,5/18/2024,FALSE,566,1781,0.15307713
DOGE_20240519_Latest149,5/19/2024,FALSE,149,1186,0.149107334
DOGE_20240520_Latest15,5/20/2024,FALSE,15,384,0.165688351
DOGE_20240522_Latest31,5/22/2024,FALSE,31,793,0.166162724
DOGE_20240524_Latest41,5/24/2024,FALSE,41,1049,0.163803478
DOGE_20240525_Latest22,5/25/2024,FALSE,22,563,0.173960446
DOGE_20240526_Latest21,5/26/2024,FALSE,21,537,0.166219903
DOGE_20240527_Latest117,5/27/2024,FALSE,117,1434,0.169089534
DOGE_20240528_Latest30,5/28/2024,FALSE,30,768,0.164962417
DOGE_20240529_Latest168,5/29/2024,FALSE,168,2060,0.16369481
DOGE_20240530_Latest202,5/30/2024,FALSE,202,1608,0.159543699
DOGE_20240531_Latest133,5/31/2024,FALSE,133,1631,0.159135794
DOGE_20240601_Latest1221,6/1/2024,FALSE,1221,2578,0.160200103
DOGE_20240603_Latest234,6/3/2024,FALSE,234,1863,0.158282396
DOGE_20240604_Latest3,6/4/2024,FALSE,3,77,0.161449691
DOGE_20240605_Latest199,6/5/2024,FALSE,199,1584,0.163235435
DOGE_20240606_Latest1,6/6/2024,FALSE,1,26,0.160159086
DOGE_20240607_Latest76,6/7/2024,FALSE,76,1945,0.148303395
DOGE_20240608_Latest338,6/8/2024,FALSE,338,1987,0.146058665
DOGE_20240609_Latest270,6/9/2024,FALSE,270,1587,0.146774065
DOGE_20240610_Latest907,6/10/2024,FALSE,907,2854,0.144739763
DOGE_20240611_Latest1730,6/11/2024,FALSE,1730,2869,0.138104134
DOGE_20240612,6/12/2024,TRUE,2921,2921,0.146195747
DOGE_20240613_Latest125,6/13/2024,FALSE,125,1533,0.141059681
DOGE_20240614_Latest519,6/14/2024,FALSE,519,2377,0.134969581
DOGE_20240615_Latest845,6/15/2024,FALSE,845,2003,0.136565519
DOGE_20240616_Latest161,6/16/2024,FALSE,161,1282,0.136936585
DOGE_20240618_Latest59,6/18/2024,FALSE,59,1510,0.122296118
DOGE_20240619_Latest2,6/19/2024,FALSE,2,51,0.122340829
DOGE_20240620_Latest333,6/20/2024,FALSE,333,1525,0.124418986
DOGE_20240621_Latest34,6/21/2024,FALSE,34,870,0.124029165
DOGE_20240623_Latest197,6/23/2024,FALSE,197,2415,0.122256583
DOGE_20240624_Latest1073,6/24/2024,FALSE,1073,2265,0.11904273
DOGE_20240625_Latest172,6/25/2024,FALSE,172,1370,0.126152857
DOGE_20240626_Latest12,6/26/2024,FALSE,12,307,0.122679223
DOGE_20240627,6/27/2024,TRUE,2263,2263,0.12691145
DOGE_20240628_Latest1280,6/28/2024,FALSE,1280,2122,0.122789373
DOGE_20240629_Latest1268,6/29/2024,FALSE,1268,1900,0.121698529
DOGE_20240630_Latest1287,6/30/2024,FALSE,1287,1839,0.124304929
DOGE_20240701_Latest94,7/1/2024,FALSE,94,1152,0.123441707
DOGE_20240702_Latest760,7/2/2024,FALSE,760,1802,0.125016449
DOGE_20240703_Latest168,7/3/2024,FALSE,168,2060,0.118471025
DOGE_20240704_Latest290,7/4/2024,FALSE,290,1705,0.104886785
DOGE_20240705_Latest247,7/5/2024,FALSE,247,1452,0.105594131
DOGE_20240706_Latest206,7/6/2024,FALSE,206,1640,0.11361472
DOGE_20240707_Latest45,7/7/2024,FALSE,45,1152,0.104231509
DOGE_20240708_Latest290,7/8/2024,FALSE,290,1705,0.107581107
DOGE_20240709_Latest4,7/9/2024,FALSE,4,102,0.107513297
DOGE_20240710_Latest149,7/10/2024,FALSE,149,1827,0.108022362
DOGE_20240711_Latest433,7/11/2024,FALSE,433,1983,0.106666994
DOGE_20240712_Latest100,7/12/2024,FALSE,100,1226,0.10768451
DOGE_20240713_Latest3,7/13/2024,FALSE,3,77,0.112355591
DOGE_20240714_Latest15,7/14/2024,FALSE,15,384,0.115449351
DOGE_20240715_Latest9,7/15/2024,FALSE,9,230,0.125228169
DOGE_20240716_Latest1165,7/16/2024,FALSE,1165,2459,0.124931027
DOGE_20240717_Latest1888,7/17/2024,FALSE,1888,2047,0.121884118
DOGE_20240718_Latest479,7/18/2024,FALSE,479,1507,0.119496059
DOGE_20240719_Latest185,7/19/2024,FALSE,185,1473,0.125480412
DOGE_20240720_Latest414,7/20/2024,FALSE,414,1896,0.134430388
DOGE_20240721,7/21/2024,TRUE,2744,2744,0.140169014
DOGE_20240722_Latest1152,7/22/2024,FALSE,1152,2432,0.137881422
DOGE_20240723_Latest1236,7/23/2024,FALSE,1236,2186,0.130391127
DOGE_20240724_Latest1167,7/24/2024,FALSE,1167,1935,0.12808809
DOGE_20240725_Latest1116,7/25/2024,FALSE,1116,1851,0.125220833
DOGE_20240726_Latest1356,7/26/2024,FALSE,1356,2032,0.13431802
DOGE_20240727_Latest1406,7/27/2024,FALSE,1406,2331,0.131591958
DOGE_20240728_Latest1114,7/28/2024,FALSE,1114,2352,0.130074845
DOGE_20240729_Latest8,7/29/2024,FALSE,8,205,0.128673501
DOGE_20240730_Latest745,7/30/2024,FALSE,745,2008,0.125594826
DOGE_20240731_Latest1246,7/31/2024,FALSE,1246,2204,0.122013716
DOGE_20240801_Latest12,8/1/2024,FALSE,12,307,0.119235624
DOGE_20240802_Latest18,8/2/2024,FALSE,18,461,0.111508168
DOGE_20240803_Latest37,8/3/2024,FALSE,37,947,0.108169225
DOGE_20240804_Latest67,8/4/2024,FALSE,67,1715,0.103733303
DOGE_20240805_Latest54,8/5/2024,FALSE,54,1382,0.094502502
DOGE_20240806_Latest34,8/6/2024,FALSE,34,870,0.096370652
DOGE_20240807_Latest15,8/7/2024,FALSE,15,384,0.095514732
DOGE_20240808_Latest22,8/8/2024,FALSE,22,563,0.10740448
DOGE_20240809_Latest28,8/9/2024,FALSE,28,717,0.103973694
DOGE_20240810_Latest19,8/10/2024,FALSE,19,486,0.105201943
DOGE_20240812_Latest18,8/12/2024,FALSE,18,461,0.107766544
DOGE_20240814_Latest16,8/14/2024,FALSE,16,410,0.1025552
DOGE_20240816_Latest816,8/16/2024,FALSE,816,2200,0.100439193
DOGE_20240817_Latest105,8/17/2024,FALSE,105,1287,0.102755017
DOGE_20240818_Latest512,8/18/2024,FALSE,512,1913,0.100172003
DOGE_20240819_Latest725,8/19/2024,FALSE,725,2709,0.101504483
DOGE_20240820_Latest419,8/20/2024,FALSE,419,2463,0.103000519
DOGE_20240821_Latest19,8/21/2024,FALSE,19,486,0.106156547
DOGE_20240822_Latest561,8/22/2024,FALSE,561,2096,0.105307844
DOGE_20240823_Latest88,8/23/2024,FALSE,88,2252,0.112927189
DOGE_20240824_Latest33,8/24/2024,FALSE,33,845,0.112630776
DOGE_20240825_Latest39,8/25/2024,FALSE,39,998,0.109698144
DOGE_20240826_Latest28,8/26/2024,FALSE,28,717,0.105291505
DOGE_20240827_Latest223,8/27/2024,FALSE,223,1776,0.0990557
DOGE_20240828_Latest635,8/28/2024,FALSE,635,1712,0.099626981
DOGE_20240829_Latest284,8/29/2024,FALSE,284,3482,0.100424651
DOGE_20240831_Latest91,8/31/2024,FALSE,91,2329,0.101331929
DOGE_20240901_Latest189,9/1/2024,FALSE,189,2317,0.095354106
DOGE_20240902_Latest26,9/2/2024,FALSE,26,665,0.099115447
DOGE_20240903_Latest13,9/3/2024,FALSE,13,333,0.09671866
DOGE_20240904_Latest57,9/4/2024,FALSE,57,1459,0.098025018
DOGE_20240905_Latest308,9/5/2024,FALSE,308,2452,0.098308634
DOGE_20240906_Latest29,9/6/2024,FALSE,29,742,0.09248444
DOGE_20240907_Latest14,9/7/2024,FALSE,14,358,0.095261156
DOGE_20240908_Latest8,9/8/2024,FALSE,8,205,0.0960804
DOGE_20240909_Latest23,9/9/2024,FALSE,23,589,0.103828794
DOGE_20240910_Latest28,9/10/2024,FALSE,28,717,0.102711601
DOGE_20240912_Latest31,9/12/2024,FALSE,31,793,0.102798596
DOGE_20240913_Latest8,9/13/2024,FALSE,8,205,0.107113901
DOGE_20240914_Latest40,9/14/2024,FALSE,40,1024,0.105467163
DOGE_20240916_Latest57,9/16/2024,FALSE,57,1459,0.09969274
DOGE_20240918_Latest9,9/18/2024,FALSE,9,230,0.103584694
DOGE_20240919_Latest135,9/19/2024,FALSE,135,1655,0.105030782
DOGE_20240920_Latest120,9/20/2024,FALSE,120,3071,0.10547118
DOGE_20240921_Latest73,9/21/2024,FALSE,73,1868,0.110048554
DOGE_20240922_Latest25,9/22/2024,FALSE,25,640,0.106339336
DOGE_20240923_Latest204,9/23/2024,FALSE,204,2501,0.108156287
DOGE_20240925_Latest10,9/25/2024,FALSE,10,256,0.108504185
DOGE_20240926_Latest20,9/26/2024,FALSE,20,512,0.118176163
DOGE_20240927_Latest7,9/27/2024,FALSE,7,179,0.123713876
DOGE_20240928_Latest15,9/28/2024,FALSE,15,384,0.128671185
DOGE_20240929_Latest17,9/29/2024,FALSE,17,435,0.124673774
DOGE_20240930_Latest80,9/30/2024,FALSE,80,2048,0.114427559
DOGE_20241001_Latest407,10/1/2024,FALSE,407,2392,0.107042756
DOGE_20241002_Latest31,10/2/2024,FALSE,31,793,0.104758905
DOGE_20241003_Latest55,10/3/2024,FALSE,55,1408,0.10509935
DOGE_20241004_Latest35,10/4/2024,FALSE,35,896,0.10926401
DOGE_20241005_Latest138,10/5/2024,FALSE,138,1692,0.109487397
DOGE_20241006_Latest70,10/6/2024,FALSE,70,1792,0.111480086
DOGE_20241007_Latest200,10/7/2024,FALSE,200,2452,0.10865453
DOGE_20241008_Latest638,10/8/2024,FALSE,638,2922,0.107044212
DOGE_20241009_Latest154,10/9/2024,FALSE,154,1888,0.10793857
DOGE_20241010_Latest518,10/10/2024,FALSE,518,3045,0.105979791
DOGE_20241011_Latest12,10/11/2024,FALSE,12,307,0.110733067
DOGE_20241012_Latest76,10/12/2024,FALSE,76,1945,0.111416154
DOGE_20241013_Latest105,10/13/2024,FALSE,105,2687,0.111335652
DOGE_20241014_Latest87,10/14/2024,FALSE,87,2227,0.116653846
DOGE_20241015_Latest41,10/15/2024,FALSE,41,1049,0.117526818
DOGE_20241016_Latest339,10/16/2024,FALSE,339,4156,0.125772706
DOGE_20241017_Latest55,10/17/2024,FALSE,55,1408,0.129658309
DOGE_20241019_Latest72,10/19/2024,FALSE,72,1843,0.144526906
DOGE_20241020_Latest9,10/20/2024,FALSE,9,230,0.14208254
DOGE_20241022_Latest59,10/22/2024,FALSE,59,1510,0.139507891
DOGE_20241023_Latest58,10/23/2024,FALSE,58,1484,0.138497458
DOGE_20241024_Latest78,10/24/2024,FALSE,78,956,0.141986623
DOGE_20241025_Latest50,10/25/2024,FALSE,50,1280,0.131013045
DOGE_20241026_Latest69,10/26/2024,FALSE,69,1766,0.1373571
DOGE_20241027_Latest191,10/27/2024,FALSE,191,4889,0.144311944
DOGE_20241028_Latest33,10/28/2024,FALSE,33,845,0.161150202
DOGE_20241029_Latest76,10/29/2024,FALSE,76,1945,0.175838744
DOGE_20241031_Latest17,10/31/2024,FALSE,17,435,0.161371833
DOGE_20241101_Latest54,11/1/2024,FALSE,54,1382,0.159184861
DOGE_20241102_Latest530,11/2/2024,FALSE,530,4220,0.159315611
DOGE_20241103_Latest28,11/3/2024,FALSE,28,717,0.151453947
DOGE_20241105_Latest142,11/5/2024,FALSE,142,3634,0.170179764
DOGE_20241106,11/6/2024,TRUE,8261,8261,0.196657904
DOGE_20241107,11/7/2024,TRUE,6633,6633,0.193158877
DOGE_20241108,11/8/2024,TRUE,5384,5384,0.202132226
DOGE_20241109,11/9/2024,TRUE,6275,6275,0.202016
DOGE_20241110,11/10/2024,TRUE,7969,7969,0.279094685
DOGE_20241111,11/11/2024,TRUE,9605,9605,0.277844
DOGE_20241112,11/12/2024,TRUE,12745,12745,0.382221459
DOGE_20241113,11/13/2024,TRUE,14830,14830,0.399522658
DOGE_20241114,11/14/2024,TRUE,10458,10458,0.361645558
DOGE_20241115,11/15/2024,TRUE,15629,15629,0.379189482
DOGE_20241116,11/16/2024,TRUE,6282,6282,0.363747542
DOGE_20241117_Latest650,11/17/2024,FALSE,650,3821,0.366560334
DOGE_20241118,11/18/2024,TRUE,10800,10800,0.371741322
DOGE_20241119_Latest1531,11/19/2024,FALSE,1531,9000,0.391356122
DOGE_20241120_Latest622,11/20/2024,FALSE,622,7626,0.37749656
DOGE_20241121_Latest336,11/21/2024,FALSE,336,4120,0.387617109
DOGE_20241122_Latest337,11/22/2024,FALSE,337,8625,0.41292407
DOGE_20241123_Latest170,11/23/2024,FALSE,170,4351,0.430011818
DOGE_20241124_Latest31,11/24/2024,FALSE,31,793,0.42988205
DOGE_20241125_Latest294,11/25/2024,FALSE,294,7525,0.393340143
DOGE_20241126_Latest233,11/26/2024,FALSE,233,5964,0.387618365
DOGE_20241128_Latest8,11/28/2024,FALSE,8,205,0.402018332
DOGE_20241129_Latest17,11/29/2024,FALSE,17,435,0.425839109
DOGE_20241130_Latest381,11/30/2024,FALSE,381,4671,0.421971034
DOGE_20241201,12/1/2024,TRUE,5681,5681,0.440023011
DOGE_20241202,12/2/2024,TRUE,8864,8864,0.424670008
DOGE_20241203_Latest3643,12/3/2024,FALSE,3643,7690,0.407882073
DOGE_20241204_Latest823,12/4/2024,FALSE,823,6553,0.431957391
DOGE_20241205_Latest195,12/5/2024,FALSE,195,4991,0.430585655
DOGE_20241206_Latest280,12/6/2024,FALSE,280,7166,0.435709127
DOGE_20241207_Latest249,12/7/2024,FALSE,249,6373,0.453887425
DOGE_20241208_Latest110,12/8/2024,FALSE,110,2815,0.46729695
DOGE_20241209_Latest286,12/9/2024,FALSE,286,7320,0.414719122
DOGE_20241210_Latest128,12/10/2024,FALSE,128,3276,0.394519823
DOGE_20241211_Latest118,12/11/2024,FALSE,118,3020,0.41449193
DOGE_20241212_Latest343,12/12/2024,FALSE,343,4205,0.406548146
DOGE_20241213_Latest128,12/13/2024,FALSE,128,3276,0.409080852
DOGE_20241214_Latest17,12/14/2024,FALSE,17,435,0.397975579
DOGE_20241215_Latest641,12/15/2024,FALSE,641,5104,0.406272323
DOGE_20241216_Latest55,12/16/2024,FALSE,55,1408,0.401934081
DOGE_20241217,12/17/2024,FALSE,61,1561,
DOGE_20250101,1/1/2025,TRUE,6719,6719,0.324305741
DOGE_20250102,1/2/2025,TRUE,7025,7025,0.33861011
DOGE_20250103,1/3/2025,TRUE,8166,8166,0.379279475
DOGE_20250104,1/4/2025,TRUE,8524,8524,0.394746197
DOGE_20250105_Latest6680,1/5/2025,FALSE,6680,7241,0.382563381
DOGE_20250106,1/6/2025,TRUE,7422,7422,0.38795685
DOGE_20250107,1/7/2025,TRUE,6982,6982,0.348437247
DOGE_20250108,1/8/2025,TRUE,6221,6221,0.342248383
DOGE_20250109,1/9/2025,TRUE,6714,6714,0.320911664
DOGE_20250110_Latest2726,1/10/2025,FALSE,2726,5755,0.333980516
DOGE_20250111,1/11/2025,TRUE,6413,6413,0.340955238
DOGE_20250112,1/12/2025,TRUE,7865,7865,0.335958981
DOGE_20250113,1/13/2025,TRUE,6310,6310,0.338299345
DOGE_20250114,1/14/2025,TRUE,7187,7187,0.35611985
DOGE_20250115_Latest1198,1/15/2025,FALSE,1198,7042,0.385710068
DOGE_20250116,1/16/2025,TRUE,5574,5574,0.376747967
DOGE_20250117,1/17/2025,TRUE,7358,7358,0.415939357
DOGE_20250118,1/18/2025,TRUE,7876,7876,0.396081336
DOGE_20250119,1/19/2025,TRUE,8918,8918,0.357756909
DOGE_20250120,1/20/2025,TRUE,7916,7916,0.354608476
DOGE_20250121,1/21/2025,TRUE,11966,11966,0.371576904
DOGE_20250122,1/22/2025,TRUE,8215,8215,0.363055515
DOGE_20250123_Latest1918,1/23/2025,FALSE,1918,7166,0.352353008
DOGE_20250124,1/24/2025,TRUE,6030,6030,0.350739926
DOGE_20250125_Latest5067,1/25/2025,FALSE,5067,6578,0.35377604
DOGE_20250126,1/26/2025,TRUE,5985,5985,0.33632636
DOGE_20250127,1/27/2025,TRUE,5326,5326,0.333821535
DOGE_20250128_Latest2537,1/28/2025,FALSE,2537,7983,0.319073659
DOGE_20250129_Latest29,1/29/2025,FALSE,29,742,0.323863846
DOGE_20250130_Latest203,1/30/2025,FALSE,203,5196,0.331508588
DOGE_20250131_Latest712,1/31/2025,FALSE,712,5669,0.328728031
DOGE_20250201,2/1/2025,TRUE,4736,4736,0.308357177
DOGE_20250202_Latest3271,2/2/2025,FALSE,3271,4065,0.267509173
DOGE_20250203,2/3/2025,TRUE,4439,4439,0.285003674
DOGE_20250204,2/4/2025,TRUE,4284,4284,0.264143603
DOGE_20250205,2/5/2025,TRUE,3969,3969,0.25623318
DOGE_20250206,2/6/2025,TRUE,3909,3909,0.248084302
DOGE_20250207,2/7/2025,TRUE,4219,4219,0.246612593
DOGE_20250208_Latest3190,2/8/2025,FALSE,3190,3458,0.2532661
DOGE_20250209_Latest3623,2/9/2025,TRUE,3623,3623,0.24929004
DOGE_20250210_Latest2597,2/10/2025,FALSE,2597,3711,0.255259612
DOGE_20250211_Latest3274,2/11/2025,FALSE,3274,4068,0.253122472
DOGE_20250212,2/12/2025,TRUE,3721,3721,0.264121601
DOGE_20250213,2/13/2025,TRUE,3606,3606,0.262492296
DOGE_20250214_Latest3289,2/14/2025,FALSE,3289,4270,0.271928858
DOGE_20250215,2/15/2025,TRUE,3112,3112,0.271724448
DOGE_20250216,2/16/2025,TRUE,2731,2731,0.265739578
DOGE_20250217,2/17/2025,TRUE,3127,3127,0.258148168
DOGE_20250218,2/18/2025,TRUE,3409,3409,0.250900597
DOGE_20250219,2/19/2025,TRUE,4425,4425,0.254767917
DOGE_20250220_Latest1921,2/20/2025,FALSE,1907,3162,0.254860398
DOGE_20250221,2/21/2025,TRUE,3440,3440,0.23930806
DOGE_20250222,2/22/2025,TRUE,3228,3228,0.246723489
DOGE_20250223,2/23/2025,TRUE,2828,2828,0.243022951
DOGE_20250224,2/24/2025,TRUE,3494,3494,0.210358772
DOGE_20250225,2/25/2025,TRUE,3626,3626,0.212388616
DOGE_20250226_Latest616,2/26/2025,FALSE,616,2821,0.205541126
DOGE_20250227,2/27/2025,TRUE,2906,2906,0.20682373
DOGE_20250228,2/28/2025,TRUE,3354,3354,0.201962518
DOGE_20250301_Latest571,3/1/2025,FALSE,571,2615,0.206537219
DOGE_20250302,3/2/2025,TRUE,4269,4269,0.239266915
DOGE_20250303,3/3/2025,TRUE,4534,4534,0.199075946
DOGE_20250304_Latest865,3/4/2025,FALSE,865,3232,0.199145671
DOGE_20250305,3/5/2025,TRUE,3410,3410,0.204720277
DOGE_20250306,3/6/2025,TRUE,3657,3657,0.201727407
DOGE_20250307,3/7/2025,TRUE,4270,4270,0.197973367
DOGE_20250308,3/8/2025,TRUE,2833,2833,0.192171625
DOGE_20250309,3/9/2025,TRUE,3469,3469,0.167803316
DOGE_20250310,3/10/2025,TRUE,3133,3133,0.154059567
DOGE_20250311,3/11/2025,TRUE,2976,2976,0.164165732
DOGE_20250312,3/12/2025,TRUE,2938,2938,0.172381265
DOGE_20250313_Latest282_Top178,3/13/2025,FALSE,460,460,0.165065179
DOGE_20250314,3/14/2025,FALSE,1570,2777,0.171798764
DOGE_20250315,3/15/2025,TRUE,3936,3936,0.176068175
DOGE_20250316,3/16/2025,TRUE,2709,2709,0.168234632
DOGE_20250317,3/17/2025,TRUE,3108,3108,0.173464898
DOGE_20250318_Lateat2478,3/18/2025,TRUE,2478,2478,0.168029303
DOGE_20250319_Latest2002,3/19/2025,FALSE,2002,2999,0.17806457
DOGE_20250320,3/20/2025,TRUE,2846,2846,0.169351471
DOGE_20250321_Latest1518,3/21/2025,FALSE,1518,2904,0.167061664
DOGE_20250322_Latest61,3/22/2025,FALSE,61,1561,0.167342512
DOGE_20250323_Latest1601,3/23/2025,FALSE,1601,3380,0.172252909
DOGE_20250324,3/24/2025,TRUE,4260,4260,0.182888883
DOGE_20250325,3/25/2025,TRUE,4608,4608,0.190909624
DOGE_20250326_Latest2775,3/26/2025,FALSE,2775,4359,0.194798369
DOGE_20250327,3/27/2025,TRUE,4548,4548,0.19049465
DOGE_20250328,3/28/2025,TRUE,3097,3097,0.180189606
DOGE_20250329,3/29/2025,TRUE,2763,2763,0.169565247
DOGE_20250330_Latest1162,3/30/2025,FALSE,1162,2453,0.16631893
DOGE_20250331,3/31/2025,TRUE,4047,4047,0.166715297
DOGE_20250401,4/1/2025,TRUE,4415,4415,0.174085803
DOGE_20250402,4/2/2025,TRUE,3644,3644,0.164194873
DOGE_20250403,4/3/2025,TRUE,3561,3561,0.162060295
DOGE_20250404,4/4/2025,TRUE,3856,3856,0.171098406
DOGE_20250405,4/5/2025,TRUE,3379,3379,0.169026641
DOGE_20250406,4/6/2025,TRUE,3303,3303,0.148845489
DOGE_20250407,4/7/2025,TRUE,3650,3650,0.149520559
DOGE_20250408,4/8/2025,TRUE,3873,3873,0.142107429
DOGE_20250409,4/9/2025,TRUE,4154,4154,0.160371047
DOGE_20250410,4/10/2025,TRUE,4350,4350,0.153666331
DOGE_20250411,4/11/2025,TRUE,3921,3921,0.160088711
DOGE_20250412,4/12/2025,TRUE,3286,3286,0.167610834
DOGE_20250413,4/13/2025,TRUE,3180,3180,0.162792173
DOGE_20250414,4/14/2025,TRUE,3912,3912,0.158501184
DOGE_20250415,4/15/2025,TRUE,4360,4360,0.153549667
DOGE_20250416,4/16/2025,TRUE,3256,3256,0.154688395
DOGE_20250417,4/17/2025,TRUE,3058,3058,0.155740178
DOGE_20250418,4/18/2025,TRUE,3258,3258,0.157616006
DOGE_20250419,4/19/2025,TRUE,2870,2870,0.157333494
DOGE_20250420,4/20/2025,TRUE,3682,3682,0.155184117
DOGE_20250421,4/21/2025,TRUE,4379,4379,0.159388102
DOGE_20250422,4/22/2025,TRUE,4298,4298,0.178648413
DOGE_20250423,4/23/2025,TRUE,4635,4635,0.178604505
DOGE_20250424,4/24/2025,TRUE,3613,3613,0.182456904
DOGE_20250425,4/25/2025,TRUE,3701,3701,0.181829515
DOGE_20250426,4/26/2025,TRUE,3180,3180,0.181890387
DOGE_20250427,4/27/2025,TRUE,3251,3251,0.179671574
DOGE_20250428_Latest2455,4/28/2025,FALSE,2455,3336,0.178951826
DOGE_20250429,4/29/2025,TRUE,4481,4481,0.174636264
DOGE_20250430,4/30/2025,TRUE,4072,4072,0.172339538
DOGE_20250501,5/1/2025,TRUE,4301,4301,0.180758739
DOGE_20250502,5/2/2025,TRUE,3598,3598,0.181577211
DOGE_20250503_Latest2260,5/3/2025,FALSE,2260,3386,0.175757139
DOGE_20250504,5/4/2025,TRUE,3770,3770,0.170552326
DOGE_20250505_Latest982,5/5/2025,FALSE,982,4498,0.17060437
DOGE_20250506_Latest1208,5/6/2025,FALSE,1208,3801,0.172115527
DOGE_20250507,5/7/2025,TRUE,3933,3933,0.172006654
DOGE_20250508,5/8/2025,TRUE,4316,4316,0.197577241
DOGE_20250509,5/9/2025,TRUE,5117,5117,0.205290331
DOGE_20250510,5/10/2025,TRUE,6344,6344,0.248688822
DOGE_20250511_Latest1418,5/11/2025,FALSE,1418,5298,0.231507663
DOGE_20250512_Latest1430,5/12/2025,FALSE,1430,4500,0.231001501
DOGE_20250513,5/13/2025,TRUE,6451,6451,0.241214677
DOGE_20250514,5/14/2025,TRUE,5483,5483,0.232807756
DOGE_20250515,5/15/2025,TRUE,4605,4605,0.219189377
DOGE_20250516,5/16/2025,TRUE,4272,4272,0.221287124
DOGE_20250517_Latest1008,5/17/2025,FALSE,1008,3172,0.214698081
DOGE_20250518,5/18/2025,TRUE,4446,4446,0.234181452
DOGE_20250519_Latest1168,5/19/2025,FALSE,1168,4364,0.224421194
DOGE_20250520_Latest1443,5/20/2025,FALSE,1443,3890,0.226125555
DOGE_20250521,5/21/2025,TRUE,4538,4538,0.234057922
DOGE_20250522,5/22/2025,TRUE,5332,5332,0.245027527
DOGE_20250523,5/23/2025,TRUE,5132,5132,0.224813591
DOGE_20250524_Latest3294,5/24/2025,FALSE,3294,3571,0.225296893
DOGE_20250525_Latest1151,5/25/2025,FALSE,1151,4301,0.224983568
DOGE_20250526,5/26/2025,TRUE,4905,4905,0.226024761
DOGE_20250527_Latest3675,5/27/2025,FALSE,3675,4993,0.226164424
DOGE_20250528_Latest1941,5/28/2025,FALSE,1941,4601,0.220782254
DOGE_20250529,5/29/2025,TRUE,4130,4130,0.214833331
DOGE_20250530,5/30/2025,TRUE,4193,4193,0.193435887
DOGE_20250531_Latest2325,5/31/2025,FALSE,2325,3855,0.19257864
DOGE_20250601_Latest1749,6/1/2025,FALSE,1749,3692,0.193632089
DOGE_20250602_Latest2214,6/2/2025,FALSE,2214,4236,0.195390008
DOGE_20250603_Latest4881,6/3/2025,FALSE,4881,5771,0.193137605
DOGE_20250604,6/4/2025,TRUE,5879,5879,0.188235561
DOGE_20250605_Latest2483,6/5/2025,FALSE,2483,6693,0.171627537
DOGE_20250606_Latest1705,6/6/2025,FALSE,1705,4596,0.178972969
DOGE_20250607,6/7/2025,TRUE,4644,4644,0.185168131
DOGE_20250608_Latest2211,6/8/2025,FALSE,2211,4667,0.184173208
DOGE_20250609_Latest3907,6/9/2025,FALSE,3907,5582,0.194933491
DOGE_20250610_Latest4134,6/10/2025,FALSE,4134,5617,0.198281927
DOGE_20250611_Latest6,6/11/2025,FALSE,6,154,0.193011049
DOGE_20250612_Latest700,6/12/2025,FALSE,700,4115,0.181547885
DOGE_20250613_Latest2706,6/13/2025,FALSE,2706,5177,0.180380266
DOGE_20250614_Latest1223,6/14/2025,FALSE,1223,3848,0.178467187
DOGE_20250615_Latest3636,6/15/2025,FALSE,3636,4720,0.17566935
DOGE_20250616_Latest4061,6/16/2025,FALSE,4061,4592,0.172697732
DOGE_20250617_Latest733,6/17/2025,FALSE,733,3357,0.169667842
DOGE_20250618_Latest1209,6/18/2025,FALSE,1209,3804,0.170632247
DOGE_20250619_Latest614,6/19/2025,FALSE,614,4889,0.170962676
DOGE_20250620_Latest2750,6/20/2025,FALSE,2750,5261,0.162474904
DOGE_20250621_Latest372,6/21/2025,FALSE,372,2962,0.154168643
DOGE_20250622_Latest676,6/22/2025,FALSE,676,3096,0.15308
DOGE_20250623_Latest1758,6/23/2025,FALSE,1758,5532,0.151148
DOGE_20250624_Latest3352,6/24/2025,FALSE,3352,5928,0.164473
DOGE_20250625_Latest1394,6/25/2025,FALSE,1394,4386,0.165615
DOGE_20250626_Latest2212,6/26/2025,FALSE,2212,4670,0.164484
DOGE_20250627_Latest884,6/27/2025,FALSE,884,4049,0.160042
DOGE_20250628_Latest779,6/28/2025,FALSE,779,4579,0.161009
DOGE_20250629_Latest949,6/29/2025,FALSE,949,2986,0.163731
DOGE_20250630_Latest2288,6/30/2025,FALSE,2288,6168,0.169548
DOGE_20250701_Latest1923,7/1/2025,FALSE,1923,6051,0.165136
DOGE_20250702_Latest1193,7/2/2025,FALSE,1193,4457,0.157595
