symbol,timestamp,open,high,low,close,volume,trade_count,vwap
DOGE/USD,2024-01-01 06:00:00+00:00,0.0889881,0.0935455,0.08895485,0.09291665,22680.730084978,17.0,0.0919919618
DOGE/USD,2024-01-02 06:00:00+00:00,0.0928354,0.094293557,0.090591947,0.09159395,143507.487491132,26.0,0.0919096944
DOGE/USD,2024-01-03 06:00:00+00:00,0.091606,0.09215915,0.0733477695,0.082376,152936.840059543,72.0,0.0831845934
DOGE/USD,2024-01-04 06:00:00+00:00,0.0823595,0.088553731,0.080444511,0.0832625,82282.513444934,36.0,0.0833611894
DOGE/USD,2024-01-05 06:00:00+00:00,0.0831825,0.088057453,0.0794408,0.0801737,22940.571789906,20.0,0.0819080469
DOGE/USD,2024-01-06 06:00:00+00:00,0.0801745,0.081945,0.0785273415,0.08094715,10399.566137526,12.0,0.0807892249
DOGE/USD,2024-01-07 06:00:00+00:00,0.08100075,0.081461749,0.0742415025,0.0773415,41712.432467933,28.0,0.0767042439
DOGE/USD,2024-01-08 06:00:00+00:00,0.0773734,0.081831,0.0769111,0.08069725,49048.370930786,30.0,0.0799948215
DOGE/USD,2024-01-09 06:00:00+00:00,0.080709,0.083975,0.0754020025,0.07914085,189947.460506103,63.0,0.0798320224
DOGE/USD,2024-01-10 06:00:00+00:00,0.079153,0.085029,0.075198562,0.08322765,139944.589396832,47.0,0.0795157726
DOGE/USD,2024-01-11 06:00:00+00:00,0.08322105,0.08801475,0.080914449,0.08472765,57808.869720885,55.0,0.0850882873
DOGE/USD,2024-01-12 06:00:00+00:00,0.08467715,0.0854471,0.075241001,0.0807615,136957.996278439,37.0,0.0828065842
DOGE/USD,2024-01-13 06:00:00+00:00,0.0807585,0.081359,0.0796305,0.08078985,9611.924036434,5.0,0.0809225711
DOGE/USD,2024-01-14 06:00:00+00:00,0.08076975,0.083849992,0.0796467,0.08133015,23041.666325364,12.0,0.082231449
DOGE/USD,2024-01-15 06:00:00+00:00,0.0812732,0.081641416,0.0798285,0.08045595,4987.949264211,10.0,0.0809148135
DOGE/USD,2024-01-16 06:00:00+00:00,0.0803915,0.08248755,0.079734,0.08073325,23876.107798373,14.0,0.0808943608
DOGE/USD,2024-01-17 06:00:00+00:00,0.0806955,0.0810785,0.0793045,0.080535,10349.677357477,14.0,0.0802356731
DOGE/USD,2024-01-18 06:00:00+00:00,0.08053905,0.08071705,0.0764283995,0.0778175,26068.124855981,19.0,0.0788634489
DOGE/USD,2024-01-19 06:00:00+00:00,0.0777895,0.078921,0.0747704,0.07824,9043.5355212,15.0,0.0773479185
DOGE/USD,2024-01-20 06:00:00+00:00,0.07823,0.0909651635,0.07823,0.085925,59441.764777277,33.0,0.0863097255
DOGE/USD,2024-01-21 06:00:00+00:00,0.08597065,0.0888195,0.0821525,0.083558,25820.152402394,21.0,0.0859920574
DOGE/USD,2024-01-22 06:00:00+00:00,0.083561,0.0847436,0.0800545,0.08111215,32739.30825888,23.0,0.0819673797
DOGE/USD,2024-01-23 06:00:00+00:00,0.081046,0.08108005,0.07594,0.07885695,26600.76936855,27.0,0.0777467711
DOGE/USD,2024-01-24 06:00:00+00:00,0.07889695,0.080606,0.07735345,0.0775025,14857.128999362,14.0,0.0798380601
DOGE/USD,2024-01-25 06:00:00+00:00,0.0775417,0.078646287,0.077098166,0.07821,2664.041777995,15.0,0.0778944574
DOGE/USD,2024-01-26 06:00:00+00:00,0.07822915,0.08032915,0.077656,0.07933435,125693.494479637,40.0,0.0800843647
DOGE/USD,2024-01-27 06:00:00+00:00,0.079359,0.0814649,0.078888,0.080715,708359.877622449,47.0,0.0796651452
DOGE/USD,2024-01-28 06:00:00+00:00,0.080715,0.08092655,0.07819845,0.0789269,456165.440039418,19.0,0.079020083
DOGE/USD,2024-01-29 06:00:00+00:00,0.0789325,0.082973432,0.0781771,0.0812565,18079.48246165,29.0,0.0814258015
DOGE/USD,2024-01-30 06:00:00+00:00,0.08123,0.0821712,0.0790251,0.080031,253336.599221183,19.0,0.0799193188
DOGE/USD,2024-01-31 06:00:00+00:00,0.079995,0.0801107,0.077265,0.078919,9798.725079371,10.0,0.0793332474
DOGE/USD,2024-02-01 06:00:00+00:00,0.07891295,0.0799165,0.0783385,0.0798542,9752.317174472,11.0,0.0796182776
DOGE/USD,2024-02-02 06:00:00+00:00,0.079784,0.079887,0.07856,0.07943485,15747.672143201,8.0,0.0789226479
DOGE/USD,2024-02-03 06:00:00+00:00,0.07937045,0.079448,0.078442955,0.0786375,18334.064809529,13.0,0.0790346584
DOGE/USD,2024-02-04 06:00:00+00:00,0.0785715,0.079937,0.077428177,0.078045,11162.635743003,12.0,0.0787583207
DOGE/USD,2024-02-05 06:00:00+00:00,0.0780785,0.08013929,0.077535,0.0781805,62587.645339719,13.0,0.0783609635
DOGE/USD,2024-02-06 06:00:00+00:00,0.078135,0.079202,0.077655,0.07847095,4281.340210986,8.0,0.078702661
DOGE/USD,2024-02-07 06:00:00+00:00,0.078485,0.080415,0.07818035,0.0800575,62856.146579206,9.0,0.0791996938
DOGE/USD,2024-02-08 06:00:00+00:00,0.080006,0.0808774,0.0795625,0.080655,55346.051698399,17.0,0.0805033398
DOGE/USD,2024-02-09 06:00:00+00:00,0.08068905,0.0821995,0.0803833,0.0815946,19250.002766454,22.0,0.0815276511
DOGE/USD,2024-02-10 06:00:00+00:00,0.0816155,0.082323684,0.0803666,0.08207,2111.475753106,6.0,0.0811047653
DOGE/USD,2024-02-11 06:00:00+00:00,0.0820725,0.0834966095,0.0799525,0.08018185,17148.732934769,13.0,0.0824430928
DOGE/USD,2024-02-12 06:00:00+00:00,0.0801695,0.0830105,0.0794834,0.082231,26375.52411089,32.0,0.082000432
DOGE/USD,2024-02-13 06:00:00+00:00,0.082216,0.08299345,0.079402081,0.081561,115063.943052973,12.0,0.0804261972
DOGE/USD,2024-02-14 06:00:00+00:00,0.0815492,0.088158301,0.081388,0.08574915,90007.881970911,50.0,0.085269566
DOGE/USD,2024-02-15 06:00:00+00:00,0.0858,0.086912764,0.0839545,0.08659865,6471.226840149,12.0,0.0853631526
DOGE/USD,2024-02-16 06:00:00+00:00,0.086615,0.0880202995,0.084005,0.084815,60222.770501186,49.0,0.0858249259
DOGE/USD,2024-02-17 06:00:00+00:00,0.084865,0.085366,0.0810221015,0.083999,100484.280945637,24.0,0.0839642696
DOGE/USD,2024-02-18 06:00:00+00:00,0.084081,0.0863449,0.08322,0.0861275,216963.451997848,23.0,0.0843607178
DOGE/USD,2024-02-19 06:00:00+00:00,0.0861425,0.0913412015,0.084708602,0.0886156,403322.339879581,50.0,0.0899180521
DOGE/USD,2024-02-20 06:00:00+00:00,0.08857,0.088644,0.083023,0.0849673,15171.002729937,21.0,0.0853727448
DOGE/USD,2024-02-21 06:00:00+00:00,0.0849586,0.0850856,0.082018452,0.0840385,11861.152813805,11.0,0.0833122632
DOGE/USD,2024-02-22 06:00:00+00:00,0.084083,0.0854925,0.083206867,0.0840943,107218.136915661,23.0,0.0846854421
DOGE/USD,2024-02-23 06:00:00+00:00,0.0840225,0.085435,0.082917942,0.0848765,65570.043120593,17.0,0.0839405969
DOGE/USD,2024-02-24 06:00:00+00:00,0.08486715,0.086353026,0.08462,0.086105,10977.83063687,10.0,0.0856364902
DOGE/USD,2024-02-25 06:00:00+00:00,0.0861121,0.0868344,0.08501845,0.08578645,62630.479519923,9.0,0.0864716662
DOGE/USD,2024-02-26 06:00:00+00:00,0.0858,0.09106245,0.0842009825,0.09073,467785.724370622,35.0,0.0872408882
DOGE/USD,2024-02-27 06:00:00+00:00,0.09071275,0.100615,0.09051585,0.095355,200501.406960388,78.0,0.0958768473
DOGE/USD,2024-02-28 06:00:00+00:00,0.095313,0.130607577,0.0946604,0.12772,436394.431035992,245.0,0.1119854795
DOGE/USD,2024-02-29 06:00:00+00:00,0.1277015,0.134885,0.114451855,0.120315,235109.686120754,150.0,0.1273276368
DOGE/USD,2024-03-01 06:00:00+00:00,0.1202055,0.1499,0.117134983,0.142565,259606.379274655,120.0,0.1348236956
DOGE/USD,2024-03-02 06:00:00+00:00,0.1424805,0.150804603,0.1360185,0.1401795,220509.464934569,81.0,0.1412180602
DOGE/USD,2024-03-03 06:00:00+00:00,0.1402,0.16041361,0.1095782075,0.1593655,176157.878952002,115.0,0.1474373991
DOGE/USD,2024-03-04 06:00:00+00:00,0.1593595,0.2070545,0.135959071,0.18157,798633.810139588,313.0,0.1793485226
DOGE/USD,2024-03-05 06:00:00+00:00,0.181596,0.195048471,0.087543423,0.167112,309546.687897007,152.0,0.1541056138
DOGE/USD,2024-03-06 06:00:00+00:00,0.1671355,0.1797295,0.14655,0.148084,310903.211625485,148.0,0.1610380989
DOGE/USD,2024-03-07 06:00:00+00:00,0.14825,0.168785,0.14741,0.162794,464232.818617866,122.0,0.1558603486
DOGE/USD,2024-03-08 06:00:00+00:00,0.162772,0.1759,0.15927,0.1715,581111.878995433,118.0,0.1675996688
DOGE/USD,2024-03-09 06:00:00+00:00,0.171305,0.184895,0.163352,0.17784,198616.134016939,88.0,0.1740447099
DOGE/USD,2024-03-10 06:00:00+00:00,0.177812,0.1782445,0.160045,0.1669735,198314.804323746,52.0,0.173596971
DOGE/USD,2024-03-11 05:00:00+00:00,0.1670285,0.183287657,0.16656,0.174066,172961.709888062,103.0,0.1762192648
DOGE/USD,2024-03-12 05:00:00+00:00,0.174295,0.175178,0.155593,0.172815,167064.738888643,75.0,0.1685205157
DOGE/USD,2024-03-13 05:00:00+00:00,0.172995,0.192925,0.1650975955,0.1787,447055.283424434,109.0,0.1816081385
DOGE/USD,2024-03-14 05:00:00+00:00,0.1784805,0.1902267,0.159991,0.1630645,620356.622186028,162.0,0.1756990529
DOGE/USD,2024-03-15 05:00:00+00:00,0.162899,0.1696785,0.1510265,0.160959,896164.900320769,113.0,0.1623036047
DOGE/USD,2024-03-16 05:00:00+00:00,0.160978,0.16345,0.138107155,0.1451295,594596.960133677,108.0,0.1524327446
DOGE/USD,2024-03-17 05:00:00+00:00,0.145275,0.1590995,0.1366685,0.152,332408.068621558,72.0,0.1556268061
DOGE/USD,2024-03-18 05:00:00+00:00,0.151935,0.153515,0.131702,0.133191,372297.64292454,53.0,0.1338739466
DOGE/USD,2024-03-19 05:00:00+00:00,0.133035,0.1364145,0.124675,0.1263095,654012.555624976,80.0,0.1305227138
DOGE/USD,2024-03-20 05:00:00+00:00,0.1263,0.153565,0.12285,0.150033,160357.999111147,94.0,0.1428911495
DOGE/USD,2024-03-21 05:00:00+00:00,0.150035,0.15985,0.14664,0.15625,131613.006965736,72.0,0.1519952152
DOGE/USD,2024-03-22 05:00:00+00:00,0.15609,0.165,0.14530219,0.1604415,192789.619818872,72.0,0.1577766146
DOGE/USD,2024-03-23 05:00:00+00:00,0.160635,0.174845,0.15931,0.170115,487006.572243971,63.0,0.1665662782
DOGE/USD,2024-03-24 05:00:00+00:00,0.17013,0.1797465,0.1686,0.174445,514276.629120248,57.0,0.1714953586
DOGE/USD,2024-03-25 05:00:00+00:00,0.174245,0.186705,0.1699355,0.179612,114565.504450528,104.0,0.1805727837
DOGE/USD,2024-03-26 05:00:00+00:00,0.179662,0.1868808815,0.1744325,0.1844215,244645.760441053,75.0,0.1778760646
DOGE/USD,2024-03-27 05:00:00+00:00,0.1846855,0.205665,0.1788000245,0.197184,207554.662440645,115.0,0.1910072735
DOGE/USD,2024-03-28 05:00:00+00:00,0.197195,0.2288675,0.1952742205,0.213585,588147.059887108,181.0,0.2124692056
DOGE/USD,2024-03-29 05:00:00+00:00,0.213285,0.21845,0.208437862,0.21272,40522.115083022,55.0,0.2128499111
DOGE/USD,2024-03-30 05:00:00+00:00,0.2124875,0.214499609,0.1967622825,0.204205,403505.580570056,71.0,0.2051624396
DOGE/USD,2024-03-31 05:00:00+00:00,0.203907,0.224279,0.203529,0.2154055,393893.321687114,48.0,0.2111942942
DOGE/USD,2024-04-01 05:00:00+00:00,0.215385,0.2172,0.1864115,0.188615,593281.015266782,99.0,0.2034806326
DOGE/USD,2024-04-02 05:00:00+00:00,0.1886475,0.1918050185,0.171565283,0.186694,663330.376206899,120.0,0.1851813118
DOGE/USD,2024-04-03 05:00:00+00:00,0.1867925,0.18784,0.1702685,0.17515,283178.457901635,83.0,0.1783674762
DOGE/USD,2024-04-04 05:00:00+00:00,0.1751385,0.188237049,0.173695,0.17415,171850.220340175,49.0,0.1824003083
DOGE/USD,2024-04-05 05:00:00+00:00,0.1742095,0.185156,0.1677396225,0.1838375,183913.592944605,55.0,0.1724315432
DOGE/USD,2024-04-06 05:00:00+00:00,0.184042,0.2019125,0.179716,0.2002,305080.600172616,46.0,0.1882228228
DOGE/USD,2024-04-07 05:00:00+00:00,0.2004495,0.2084440175,0.192635,0.201035,1422937.48209733,168.0,0.1998773936
DOGE/USD,2024-04-08 05:00:00+00:00,0.201065,0.2112934505,0.1952,0.197905,3567433.967619859,466.0,0.2012487471
DOGE/USD,2024-04-09 05:00:00+00:00,0.197623,0.2036647355,0.18525,0.1909585,5325915.754293277,306.0,0.190547213
DOGE/USD,2024-04-10 05:00:00+00:00,0.190947,0.2021055,0.18022,0.19657,25466458.984567855,1121.0,0.1897097094
DOGE/USD,2024-04-11 05:00:00+00:00,0.1966,0.203565,0.1897905,0.199815,308002.256888151,46.0,0.1957434401
DOGE/USD,2024-04-12 05:00:00+00:00,0.19964,0.201235,0.16075,0.173915,249760.384047399,145.0,0.1770722817
DOGE/USD,2024-04-13 05:00:00+00:00,0.1739345,0.174905,0.130329215,0.154745,228252.280818961,199.0,0.1495232981
DOGE/USD,2024-04-14 05:00:00+00:00,0.154745,0.164980636,0.145715,0.158371862,103643.348619771,77.0,0.1544110003
DOGE/USD,2024-04-15 05:00:00+00:00,0.158443724,0.171633621,0.150495,0.152993,164190.350700267,122.0,0.1593401483
DOGE/USD,2024-04-16 05:00:00+00:00,0.1528165,0.159045,0.14639,0.158107,187155.055192424,74.0,0.1536460145
DOGE/USD,2024-04-17 05:00:00+00:00,0.1578945,0.158712,0.14425,0.148455,266748.59087994,88.0,0.1529350356
DOGE/USD,2024-04-18 05:00:00+00:00,0.148485,0.153965,0.139048908,0.1488,181795.552825025,97.0,0.1478820525
DOGE/USD,2024-04-19 05:00:00+00:00,0.1485875,0.1575625,0.14625,0.15663,712523.537162182,56.0,0.1534166679
DOGE/USD,2024-04-20 05:00:00+00:00,0.156444,0.1657575585,0.15090531,0.16312,317436.028246919,45.0,0.1602945713
DOGE/USD,2024-04-21 05:00:00+00:00,0.16315,0.165226,0.155171621,0.16115,13606.702992795,27.0,0.158915817
DOGE/USD,2024-04-22 05:00:00+00:00,0.1610975,0.163459061,0.1572461055,0.1575915,44654.323810366,31.0,0.1605689411
DOGE/USD,2024-04-23 05:00:00+00:00,0.157779,0.16425,0.1569455,0.162845,227774.033611263,22.0,0.161216371
DOGE/USD,2024-04-24 05:00:00+00:00,0.163093,0.16423,0.14832,0.150781902,99035.50726384,36.0,0.1540600691
DOGE/USD,2024-04-25 05:00:00+00:00,0.150876902,0.1544285,0.147474,0.15049,48143.13243987,26.0,0.1514940975
DOGE/USD,2024-04-26 05:00:00+00:00,0.150316,0.1518185,0.1426065,0.1463845,36491.305105808,33.0,0.1477060829
DOGE/USD,2024-04-27 05:00:00+00:00,0.1465595,0.1509,0.143173892,0.149435,18295.007121099,18.0,0.1474473384
DOGE/USD,2024-04-28 05:00:00+00:00,0.1496045,0.1508679605,0.143355,0.144632,17616.495863255,17.0,0.1474767091
DOGE/USD,2024-04-29 05:00:00+00:00,0.14465,0.14599,0.1397215,0.14265,63674.732964557,37.0,0.141859795
DOGE/USD,2024-04-30 05:00:00+00:00,0.142776,0.14314,0.128386728,0.1323065,619336.569038687,86.0,0.1340868458
DOGE/USD,2024-05-01 05:00:00+00:00,0.1324205,0.133093,0.1199505,0.1248510815,180296.297928658,96.0,0.1263762245
DOGE/USD,2024-05-02 05:00:00+00:00,0.1249305815,0.135762,0.124061,0.13385,67658.125793942,36.0,0.1324144107
DOGE/USD,2024-05-03 05:00:00+00:00,0.133799,0.15217,0.1311815,0.1502,56011.27681273,50.0,0.1393975565
DOGE/USD,2024-05-04 05:00:00+00:00,0.150157,0.1697870275,0.149311,0.15908,426264.744828979,72.0,0.15542636
DOGE/USD,2024-05-05 05:00:00+00:00,0.1592495,0.1658644255,0.1586665,0.162915,22764.375906121,23.0,0.1621977236
DOGE/USD,2024-05-06 05:00:00+00:00,0.163071,0.168981,0.153272,0.155985,154626.88641972,56.0,0.1592071108
DOGE/USD,2024-05-07 05:00:00+00:00,0.155735,0.1599,0.148941687,0.150215,178831.699568118,40.0,0.1569605841
DOGE/USD,2024-05-08 05:00:00+00:00,0.150261,0.150755,0.141995,0.14709,93388.627794773,53.0,0.1460120038
DOGE/USD,2024-05-09 05:00:00+00:00,0.147106,0.154115,0.1434782345,0.15143,161338.847009737,68.0,0.1504368003
DOGE/USD,2024-05-10 05:00:00+00:00,0.1514655,0.153898,0.14228,0.144109,347835.971329847,41.0,0.1452677258
DOGE/USD,2024-05-11 05:00:00+00:00,0.1440955,0.14589,0.142555,0.14415,19332.300779332,24.0,0.1438642299
DOGE/USD,2024-05-12 05:00:00+00:00,0.14395,0.1443,0.135990074,0.1369,54526.122170626,29.0,0.1392627246
DOGE/USD,2024-05-13 05:00:00+00:00,0.1369615,0.1572635,0.1366935,0.150265,259540.514152528,64.0,0.152719269
DOGE/USD,2024-05-14 05:00:00+00:00,0.150095,0.155,0.1443528935,0.1457815,26903.901884222,40.0,0.1482940062
DOGE/USD,2024-05-15 05:00:00+00:00,0.14585,0.159106977,0.1453,0.1566025,160707.228511727,44.0,0.151915109
DOGE/USD,2024-05-16 05:00:00+00:00,0.15656,0.15676,0.14875,0.14965,47587.214652877,53.0,0.1521305421
DOGE/USD,2024-05-17 05:00:00+00:00,0.1496855,0.15694,0.149603,0.1557865,91451.685957218,40.0,0.1529488225
DOGE/USD,2024-05-18 05:00:00+00:00,0.155783,0.156503,0.151321,0.155841,31769.601487364,11.0,0.1525149509
DOGE/USD,2024-05-19 05:00:00+00:00,0.155676,0.1558545,0.147465,0.152494,71975.914409327,18.0,0.1500335513
DOGE/USD,2024-05-20 05:00:00+00:00,0.1527,0.167279,0.1490718775,0.161982601,629074.296102918,92.0,0.1590428976
DOGE/USD,2024-05-21 05:00:00+00:00,0.161634,0.17455,0.160775,0.167525,422155.969952976,115.0,0.1672234116
DOGE/USD,2024-05-22 05:00:00+00:00,0.16737,0.1706665,0.161725,0.16703,80646.876759265,51.0,0.1667704917
DOGE/USD,2024-05-23 05:00:00+00:00,0.166809,0.1694,0.1519300185,0.1584532115,166336.645569321,61.0,0.1595206793
DOGE/USD,2024-05-24 05:00:00+00:00,0.1584172115,0.17304,0.155172727,0.164556,133818.957347482,70.0,0.1617567397
DOGE/USD,2024-05-25 05:00:00+00:00,0.16455,0.1748225,0.1637235,0.17206,86319.426108405,41.0,0.169855196
DOGE/USD,2024-05-26 05:00:00+00:00,0.17233,0.17315,0.16545,0.166006,62281.634797361,27.0,0.1684031329
DOGE/USD,2024-05-27 05:00:00+00:00,0.16603,0.1733,0.162996162,0.164165,64303.307934578,36.0,0.1675092563
DOGE/USD,2024-05-28 05:00:00+00:00,0.16406,0.170573,0.16135,0.1695415,54688.598413212,68.0,0.1639690407
DOGE/USD,2024-05-29 05:00:00+00:00,0.169414,0.170145,0.16205,0.164232,94565.030337183,37.0,0.1654999636
DOGE/USD,2024-05-30 05:00:00+00:00,0.164233,0.1647215,0.156377,0.159661,374692.456078215,51.0,0.1600088088
DOGE/USD,2024-05-31 05:00:00+00:00,0.159831,0.162455,0.15425,0.1596255,58436.749583674,36.0,0.157042419
DOGE/USD,2024-06-01 05:00:00+00:00,0.1594665,0.1615055,0.158848,0.1600195,51660.926629598,21.0,0.159710734
DOGE/USD,2024-06-02 05:00:00+00:00,0.1599695,0.160629998,0.15465,0.159962,64036.205143373,33.0,0.1574758518
DOGE/USD,2024-06-03 05:00:00+00:00,0.16014,0.16339,0.157527117,0.158086,49038.337627569,31.0,0.160739209
DOGE/USD,2024-06-04 05:00:00+00:00,0.1581,0.163769,0.1570725,0.1632045,23433.480178059,22.0,0.159921173
DOGE/USD,2024-06-05 05:00:00+00:00,0.16303,0.164786,0.161375,0.1627,48165.381023091,27.0,0.1630275105
DOGE/USD,2024-06-06 05:00:00+00:00,0.16255,0.165645,0.15826,0.1613805025,97419.529797035,29.0,0.1619125132
DOGE/USD,2024-06-07 05:00:00+00:00,0.1613805025,0.162135,0.13814909,0.148143,224424.22804846,70.0,0.1462769347
DOGE/USD,2024-06-08 05:00:00+00:00,0.14798,0.14861,0.1435921585,0.14563,35085.833053884,27.0,0.1467278181
DOGE/USD,2024-06-09 05:00:00+00:00,0.145675,0.14925,0.145182098,0.1460055,28418.298726604,19.0,0.1471233368
DOGE/USD,2024-06-10 05:00:00+00:00,0.145975,0.147783307,0.1402879345,0.141355,139841.542770689,56.0,0.1439956783
DOGE/USD,2024-06-11 05:00:00+00:00,0.14139,0.146726495,0.13374,0.1394755,129496.003258056,85.0,0.1385794677
DOGE/USD,2024-06-12 05:00:00+00:00,0.139655,0.1579378835,0.138955,0.1430215,149669.955873661,53.0,0.1465777502
DOGE/USD,2024-06-13 05:00:00+00:00,0.143035,0.1455115,0.140204249,0.1418065,116855.286780838,31.0,0.1427406442
DOGE/USD,2024-06-14 05:00:00+00:00,0.141885,0.143315,0.1320549625,0.13579,83440.493314584,55.0,0.1371302244
DOGE/USD,2024-06-15 05:00:00+00:00,0.135916,0.1374195,0.1346375,0.1352355,9309.110405336,18.0,0.1364624833
DOGE/USD,2024-06-16 05:00:00+00:00,0.1352015,0.13815,0.1342915,0.135254,89468.973618409,11.0,0.1371149985
DOGE/USD,2024-06-17 05:00:00+00:00,0.1352535,0.135685,0.113871,0.121742,162240.854963236,78.0,0.1271523154
DOGE/USD,2024-06-18 05:00:00+00:00,0.12189,0.1268,0.117668,0.12608,127896.808561689,64.0,0.1216737887
DOGE/USD,2024-06-19 05:00:00+00:00,0.126105,0.1261345,0.121495,0.123469657,165979.546268111,25.0,0.1233626149
DOGE/USD,2024-06-20 05:00:00+00:00,0.123469657,0.128502545,0.121299,0.1244635,80448.899568395,82.0,0.1248865789
DOGE/USD,2024-06-21 05:00:00+00:00,0.12447,0.1252345,0.12154397,0.12434,78691.632079279,20.0,0.1237115358
DOGE/USD,2024-06-22 05:00:00+00:00,0.1244985,0.125497,0.1233595,0.12447,5199.244288993,8.0,0.1239713105
DOGE/USD,2024-06-23 05:00:00+00:00,0.124505,0.126285,0.1197,0.120673,28913.503003044,21.0,0.1239370069
DOGE/USD,2024-06-24 05:00:00+00:00,0.120545,0.131634904,0.113773821,0.123395,89036.140159417,80.0,0.1183856618
DOGE/USD,2024-06-25 05:00:00+00:00,0.1235275,0.128586,0.12135,0.12575,53921.223091736,30.0,0.1259660846
DOGE/USD,2024-06-26 05:00:00+00:00,0.1258,0.12609,0.1217255,0.122103,26134.769290374,26.0,0.1237024533
DOGE/USD,2024-06-27 05:00:00+00:00,0.1221,0.1283535,0.12052,0.1255905,63275.799089625,22.0,0.1224317544
DOGE/USD,2024-06-28 05:00:00+00:00,0.125509,0.127805,0.122007,0.1234135,16527.203561201,12.0,0.1252100056
DOGE/USD,2024-06-29 05:00:00+00:00,0.12336,0.1242,0.120325,0.12055,19060.184188593,16.0,0.1227859518
DOGE/USD,2024-06-30 05:00:00+00:00,0.1205,0.127368,0.120388,0.1264,24716.332394676,25.0,0.1236222648
DOGE/USD,2024-07-01 05:00:00+00:00,0.126245,0.126614,0.122684,0.1236,11519.560118287,18.0,0.1247093636
DOGE/USD,2024-07-02 05:00:00+00:00,0.1234915,0.1253665,0.12076,0.121491,17593.070439053,23.0,0.1233899556
DOGE/USD,2024-07-03 05:00:00+00:00,0.1213715,0.122382,0.111978263,0.1150425,142564.901996988,48.0,0.1172116021
DOGE/USD,2024-07-04 05:00:00+00:00,0.1149675,0.1149675,0.09042343,0.096379,318946.909382489,90.0,0.0997391497
DOGE/USD,2024-07-05 05:00:00+00:00,0.09650935,0.109315,0.09042343,0.105745,195682.343184565,70.0,0.0995731548
DOGE/USD,2024-07-06 05:00:00+00:00,0.1057275,0.114169,0.1055,0.109965,37436.291125721,31.0,0.109864124
DOGE/USD,2024-07-07 05:00:00+00:00,0.1099695,0.11165,0.09882265,0.103992846,112207.359458077,38.0,0.1067496266
DOGE/USD,2024-07-08 05:00:00+00:00,0.103988346,0.11126,0.1032625,0.10815,90159.293325969,76.0,0.1073175443
DOGE/USD,2024-07-09 05:00:00+00:00,0.108023,0.109815,0.1057825,0.109714,37945.152108271,35.0,0.108337989
DOGE/USD,2024-07-10 05:00:00+00:00,0.109684,0.1105225,0.106435,0.10766,9198.02320136,22.0,0.1093734602
DOGE/USD,2024-07-11 05:00:00+00:00,0.1076545,0.114547693,0.104855,0.106155,58649.356296205,25.0,0.108592402
DOGE/USD,2024-07-12 05:00:00+00:00,0.1062795,0.10835,0.10495,0.10766,125753.251407538,25.0,0.1066491513
DOGE/USD,2024-07-13 05:00:00+00:00,0.107515,0.1146,0.107465,0.11357,74316.819174859,22.0,0.112088607
DOGE/USD,2024-07-14 05:00:00+00:00,0.1137005,0.11887,0.1111585,0.11755,14520.27959572,20.0,0.1144388001
DOGE/USD,2024-07-15 05:00:00+00:00,0.117387,0.1277998485,0.116188285,0.125095,34846.416391235,29.0,0.1182785123
DOGE/USD,2024-07-16 05:00:00+00:00,0.12508,0.1277,0.11893,0.1262995,134267.56007169,31.0,0.122116294
DOGE/USD,2024-07-17 05:00:00+00:00,0.1263035,0.1265795,0.12034,0.12253,189092.672797303,22.0,0.1231126203
DOGE/USD,2024-07-18 05:00:00+00:00,0.122652,0.12323,0.1172055,0.120115,186064.38731883,33.0,0.1213776883
DOGE/USD,2024-07-19 05:00:00+00:00,0.120014,0.1263,0.11786,0.126077,237009.783165509,39.0,0.1237925909
DOGE/USD,2024-07-20 05:00:00+00:00,0.126112,0.135855,0.125331,0.1313665,285635.908556025,35.0,0.1326688504
DOGE/USD,2024-07-21 05:00:00+00:00,0.1314,0.14363,0.125885,0.1411,258405.372208444,37.0,0.1323033974
DOGE/USD,2024-07-22 05:00:00+00:00,0.141,0.14245,0.1347,0.135624,135303.72494925,47.0,0.1388269497
DOGE/USD,2024-07-23 05:00:00+00:00,0.1355005,0.13653,0.1281805,0.1312625,4978.601276131,33.0,0.1323240319
DOGE/USD,2024-07-24 05:00:00+00:00,0.13123,0.134815,0.121841,0.1242,35465.805511071,40.0,0.1245262742
DOGE/USD,2024-07-25 05:00:00+00:00,0.124154,0.129603,0.120094,0.129125,91490.460578012,99.0,0.1241108988
DOGE/USD,2024-07-26 05:00:00+00:00,0.129285,0.13499,0.1287675,0.1347185,65113.938710502,31.0,0.133502576
DOGE/USD,2024-07-27 05:00:00+00:00,0.134818,0.138771,0.1289,0.1289,72255.19347146,12.0,0.1336324018
DOGE/USD,2024-07-28 05:00:00+00:00,0.12891,0.1347785,0.128135,0.133775,175841.439805516,16.0,0.1307341181
DOGE/USD,2024-07-29 05:00:00+00:00,0.13393,0.1350795,0.127157073,0.1293995,64359.374101597,48.0,0.1312351039
DOGE/USD,2024-07-30 05:00:00+00:00,0.1293505,0.13062,0.1232625,0.12431,242691.077274345,30.0,0.1266362179
DOGE/USD,2024-07-31 05:00:00+00:00,0.1243,0.127281,0.118365,0.1186265,88241.67200943,36.0,0.1212004867
DOGE/USD,2024-08-01 05:00:00+00:00,0.118612,0.121445,0.11203,0.117455,234631.083594101,42.0,0.1145825562
DOGE/USD,2024-08-02 05:00:00+00:00,0.1174395,0.11944,0.10818,0.1124,97597.787905936,28.0,0.1144239653
DOGE/USD,2024-08-03 05:00:00+00:00,0.112415,0.11459,0.10517,0.107448,75701.950509514,30.0,0.1116359422
DOGE/USD,2024-08-04 05:00:00+00:00,0.1074585,0.108435,0.089029,0.09209,132253.915699238,61.0,0.0990657065
DOGE/USD,2024-08-05 05:00:00+00:00,0.09207895,0.10155,0.080525,0.09853215,146801.932033095,79.0,0.09161318
DOGE/USD,2024-08-06 05:00:00+00:00,0.09842335,0.10026,0.09412515,0.099226,294552.775544987,60.0,0.0980055535
DOGE/USD,2024-08-07 05:00:00+00:00,0.09925965,0.1021085,0.09357,0.09894665,169878.035526324,42.0,0.0980352717
DOGE/USD,2024-08-08 05:00:00+00:00,0.09884585,0.108005,0.09884585,0.10425,265531.582076795,41.0,0.1030780086
DOGE/USD,2024-08-09 05:00:00+00:00,0.104126,0.1057435,0.10165,0.1034395,123722.310885319,26.0,0.1039083818
DOGE/USD,2024-08-10 05:00:00+00:00,0.103413,0.1110205,0.1032,0.108457,7236.419736658,10.0,0.1047396307
DOGE/USD,2024-08-11 05:00:00+00:00,0.108595,0.1101965,0.1000622,0.101757,23893.096807803,19.0,0.1042801955
DOGE/USD,2024-08-12 05:00:00+00:00,0.101775,0.10906,0.100535,0.1046335,189943.729807822,22.0,0.1047269816
DOGE/USD,2024-08-13 05:00:00+00:00,0.1046415,0.107625,0.103371,0.105835,16001.500622594,24.0,0.1058364271
DOGE/USD,2024-08-14 05:00:00+00:00,0.105735,0.1067805035,0.10148,0.10278,29633.426621608,9.0,0.1049276483
DOGE/USD,2024-08-15 05:00:00+00:00,0.10265,0.10495,0.0979865,0.1014185,79549.293049117,39.0,0.0998037095
DOGE/USD,2024-08-16 05:00:00+00:00,0.10135,0.102532017,0.097528,0.10091,28290.893568455,35.0,0.099828921
DOGE/USD,2024-08-17 05:00:00+00:00,0.100853,0.103695,0.100657,0.102155,10496.389736397,11.0,0.1020522038
DOGE/USD,2024-08-18 05:00:00+00:00,0.1021995,0.104478,0.09943935,0.1004,7711.659180286,15.0,0.1031672499
DOGE/USD,2024-08-19 05:00:00+00:00,0.1003,0.105447,0.0986287,0.104462,49650.007356343,30.0,0.1029196664
DOGE/USD,2024-08-20 05:00:00+00:00,0.104495,0.105691,0.101224,0.10365,250549.414708766,27.0,0.1038707708
DOGE/USD,2024-08-21 05:00:00+00:00,0.103731,0.107965,0.1021395,0.10541,185155.639576773,31.0,0.103604017
DOGE/USD,2024-08-22 05:00:00+00:00,0.105413,0.10685,0.10476,0.1062,160496.779146569,13.0,0.1056947942
DOGE/USD,2024-08-23 05:00:00+00:00,0.10605,0.115545,0.10605,0.1123775,444131.79601233,63.0,0.1104132491
DOGE/USD,2024-08-24 05:00:00+00:00,0.112235,0.11503,0.1099775,0.1110255,34535.164928036,47.0,0.1128215397
DOGE/USD,2024-08-25 05:00:00+00:00,0.1110505,0.111245,0.10786,0.109743,53923.163325222,76.0,0.109793225
DOGE/USD,2024-08-26 05:00:00+00:00,0.10975,0.1098115,0.104431,0.1059,35559.969034738,25.0,0.1066145898
DOGE/USD,2024-08-27 05:00:00+00:00,0.1059265,0.106525,0.09644575,0.0991145,34717.482261593,28.0,0.1011284909
DOGE/USD,2024-08-28 05:00:00+00:00,0.0991045,0.101996,0.096894,0.10025,67814.27238631,33.0,0.0992569378
DOGE/USD,2024-08-29 05:00:00+00:00,0.100269,0.107178841,0.09831,0.100297,36888.771159608,21.0,0.0999284221
DOGE/USD,2024-08-30 05:00:00+00:00,0.1002325,0.106359982,0.0972071075,0.101665,51123.742871899,37.0,0.0994873621
DOGE/USD,2024-08-31 05:00:00+00:00,0.101594,0.10226,0.0997949,0.0999825,3048.274061266,19.0,0.1007711115
DOGE/USD,2024-09-01 05:00:00+00:00,0.1000515,0.1000515,0.0940277,0.09418885,92752.486052065,47.0,0.098604993
DOGE/USD,2024-09-02 05:00:00+00:00,0.09421355,0.100777,0.0941245,0.0991705,236586.571123976,29.0,0.0997012169
DOGE/USD,2024-09-03 05:00:00+00:00,0.0991735,0.1005,0.09194795,0.09594325,25227.515509786,26.0,0.0966832674
DOGE/USD,2024-09-04 05:00:00+00:00,0.0958335,0.0994821,0.094501,0.0969103,32228.48284829,22.0,0.0960111743
DOGE/USD,2024-09-05 05:00:00+00:00,0.0967942,0.099386,0.09622,0.0985415,14657.251936655,27.0,0.0983162664
DOGE/USD,2024-09-06 05:00:00+00:00,0.09844,0.099829615,0.0889668,0.092404,28006.209332548,31.0,0.0925814613
DOGE/USD,2024-09-07 05:00:00+00:00,0.092392,0.096935,0.09233835,0.0958389,18564.98794242,20.0,0.0950116307
DOGE/USD,2024-09-08 05:00:00+00:00,0.095844,0.09759,0.0938425,0.0965685,78161.414240977,12.0,0.0957517986
DOGE/USD,2024-09-09 05:00:00+00:00,0.0965367,0.1048625,0.0959914,0.103535,129957.11342182,40.0,0.1041964358
DOGE/USD,2024-09-10 05:00:00+00:00,0.103555,0.108295466,0.09954815,0.0997498,49662.291934299,26.0,0.1026911156
DOGE/USD,2024-09-11 05:00:00+00:00,0.0996035,0.1029475,0.0978341,0.102535,108951.62567899,31.0,0.1008177673
DOGE/USD,2024-09-12 05:00:00+00:00,0.1025435,0.103335,0.1004105,0.102046,42107.963835757,28.0,0.1022061533
DOGE/USD,2024-09-13 05:00:00+00:00,0.102055,0.10849,0.10195,0.1067165,61231.700801111,37.0,0.106323576
DOGE/USD,2024-09-14 05:00:00+00:00,0.10678,0.1074,0.10437,0.1052985,108946.472623238,32.0,0.1062310904
DOGE/USD,2024-09-15 05:00:00+00:00,0.105177,0.1064185,0.100007,0.10115,89900.07183295,25.0,0.1049894276
DOGE/USD,2024-09-16 05:00:00+00:00,0.10125,0.1029595,0.09835255,0.100242,82918.394104857,47.0,0.1000289979
DOGE/USD,2024-09-17 05:00:00+00:00,0.10025,0.10265,0.0996235,0.1005665,23855.493191411,34.0,0.1007683398
DOGE/USD,2024-09-18 05:00:00+00:00,0.1006285,0.1058140765,0.0993766,0.1041815,30458.453926764,24.0,0.1023536288
DOGE/USD,2024-09-19 05:00:00+00:00,0.10415,0.1071115,0.1035675,0.106782,113981.722029292,34.0,0.1057584245
DOGE/USD,2024-09-20 05:00:00+00:00,0.106778,0.10745,0.10374,0.1045765,6146.868575799,15.0,0.1053390251
DOGE/USD,2024-09-21 05:00:00+00:00,0.10459,0.1104815,0.104446,0.1081405,33446.463000604,31.0,0.1083215513
DOGE/USD,2024-09-22 05:00:00+00:00,0.10815,0.10917,0.103775,0.10765,9733.307714002,23.0,0.1065528516
DOGE/USD,2024-09-23 05:00:00+00:00,0.1076705,0.10886,0.106026,0.1073165,6110.64524373,11.0,0.1072251748
DOGE/USD,2024-09-24 05:00:00+00:00,0.1072745,0.111165,0.1068785,0.1097665,51868.100588075,31.0,0.109627289
DOGE/USD,2024-09-25 05:00:00+00:00,0.109757,0.11057,0.1040508525,0.1087285,280774.641984632,20.0,0.1087242803
DOGE/USD,2024-09-26 05:00:00+00:00,0.108735,0.12135,0.108555,0.1213135,69624.261203393,36.0,0.1170917489
DOGE/USD,2024-09-27 05:00:00+00:00,0.1211765,0.128764,0.1205115,0.12595,351978.735188408,80.0,0.1251838421
DOGE/USD,2024-09-28 05:00:00+00:00,0.12585,0.132016,0.120185,0.1288615,103717.790388542,50.0,0.1248448846
DOGE/USD,2024-09-29 05:00:00+00:00,0.128835,0.1292655,0.12063,0.122265,66999.648458667,38.0,0.1249296479
DOGE/USD,2024-09-30 05:00:00+00:00,0.122261,0.123554,0.113272,0.1183335,266006.361018485,46.0,0.1194613902
DOGE/USD,2024-10-01 05:00:00+00:00,0.11833,0.1201411325,0.10258,0.10779,612750.818866137,71.0,0.1118202642
DOGE/USD,2024-10-02 05:00:00+00:00,0.107831,0.1095,0.102265,0.105637,100215.903508443,28.0,0.1054740086
DOGE/USD,2024-10-03 05:00:00+00:00,0.10575,0.1074935,0.1011405,0.1070485,17148.142769523,18.0,0.1032518868
DOGE/USD,2024-10-04 05:00:00+00:00,0.10695,0.11055,0.106585,0.108235,201068.926472385,32.0,0.1082451487
DOGE/USD,2024-10-05 05:00:00+00:00,0.108355,0.110141,0.1075985,0.10871,3396.420821053,17.0,0.1086957057
DOGE/USD,2024-10-06 05:00:00+00:00,0.10883,0.115445,0.10838,0.113611,6010.523973272,14.0,0.1106504583
DOGE/USD,2024-10-07 05:00:00+00:00,0.1136075,0.11466,0.1079765,0.10935,57992.060907369,18.0,0.1112269992
DOGE/USD,2024-10-08 05:00:00+00:00,0.109374,0.10947,0.105183,0.1083495,241929.283310474,21.0,0.1067173555
DOGE/USD,2024-10-09 05:00:00+00:00,0.108445,0.111355,0.1060245,0.10805,15414.489626225,19.0,0.1083633455
DOGE/USD,2024-10-10 05:00:00+00:00,0.1080435,0.10858,0.103019,0.10756,297878.550425513,28.0,0.1067980182
DOGE/USD,2024-10-11 05:00:00+00:00,0.107666,0.111525,0.1075155,0.1100425,63827.409662578,30.0,0.1088455369
DOGE/USD,2024-10-12 05:00:00+00:00,0.10995,0.11215,0.10988,0.111545,25384.067183551,17.0,0.1112974992
DOGE/USD,2024-10-13 05:00:00+00:00,0.1116,0.1134775,0.108655,0.1126,36590.753448004,26.0,0.1113778168
DOGE/USD,2024-10-14 05:00:00+00:00,0.112635,0.11925,0.110360957,0.117015,537897.187752477,47.0,0.1146502436
DOGE/USD,2024-10-15 05:00:00+00:00,0.1170415,0.1182635,0.110145,0.1173015,31848.265169669,65.0,0.1152886264
DOGE/USD,2024-10-16 05:00:00+00:00,0.117285,0.129761,0.116945,0.1238725,378586.548508176,108.0,0.1263688783
DOGE/USD,2024-10-17 05:00:00+00:00,0.123841,0.13663,0.120425,0.1314455,119595.82076464,97.0,0.1275299896
DOGE/USD,2024-10-18 05:00:00+00:00,0.131425,0.1469,0.131425,0.14344,172405.216285526,98.0,0.1375370275
DOGE/USD,2024-10-19 05:00:00+00:00,0.14328,0.1467745,0.139365,0.1416205,55747.729172422,70.0,0.1441344326
DOGE/USD,2024-10-20 05:00:00+00:00,0.14158,0.1471845,0.137207,0.1471,214009.534429201,66.0,0.1416654862
DOGE/USD,2024-10-21 05:00:00+00:00,0.14724,0.14966,0.138125,0.144489,150198.286048825,84.0,0.1436553825
DOGE/USD,2024-10-22 05:00:00+00:00,0.14445,0.14643,0.1364485,0.138558,352754.402939543,44.0,0.1397879214
DOGE/USD,2024-10-23 05:00:00+00:00,0.1385885,0.1429365,0.13295,0.1401075,48921.589252399,52.0,0.1384389855
DOGE/USD,2024-10-24 05:00:00+00:00,0.13996,0.14365,0.1362385,0.13963,27208.791305062,34.0,0.140999384
DOGE/USD,2024-10-25 05:00:00+00:00,0.1394935,0.140715,0.1277625,0.13359,67019.068053717,31.0,0.132087233
DOGE/USD,2024-10-26 05:00:00+00:00,0.133717,0.1384755,0.1319755,0.13805,73541.03462057,33.0,0.1362108587
DOGE/USD,2024-10-27 05:00:00+00:00,0.138,0.14607,0.136447,0.144505,166077.935211107,77.0,0.1413257057
DOGE/USD,2024-10-28 05:00:00+00:00,0.1444,0.168935,0.14175,0.16538,195886.070022321,119.0,0.1535161706
DOGE/USD,2024-10-29 05:00:00+00:00,0.1651965,0.179631,0.163278,0.175948,877694.717937572,156.0,0.1692461833
DOGE/USD,2024-10-30 05:00:00+00:00,0.17595,0.1777445,0.1644785,0.171394,287553.125905273,83.0,0.1691872243
DOGE/USD,2024-10-31 05:00:00+00:00,0.17124,0.1733775,0.1562735,0.1600885,174093.320235281,67.0,0.1666361171
DOGE/USD,2024-11-01 05:00:00+00:00,0.160232,0.1688725,0.15402,0.1606075,82072.82191056,60.0,0.1609023798
DOGE/USD,2024-11-02 05:00:00+00:00,0.1604095,0.16275,0.148105,0.1518,80894.181249251,38.0,0.1560337625
DOGE/USD,2024-11-03 05:00:00+00:00,0.15181,0.1544985,0.1422165,0.1496815,135467.563232252,41.0,0.1474610622
DOGE/USD,2024-11-04 06:00:00+00:00,0.1496805,0.16639,0.149535,0.1650755,200841.977292824,106.0,0.1578889896
DOGE/USD,2024-11-05 06:00:00+00:00,0.1650385,0.2188,0.165009,0.20666,724643.932460609,169.0,0.193471451
DOGE/USD,2024-11-06 06:00:00+00:00,0.206685,0.211455,0.1803933,0.1936625,998276.943631139,278.0,0.1971844101
DOGE/USD,2024-11-07 06:00:00+00:00,0.193685,0.19951,0.185534,0.199455,379182.065844756,118.0,0.1925264312
DOGE/USD,2024-11-08 06:00:00+00:00,0.1994,0.207169,0.1906605,0.202381,481014.547308549,126.0,0.1983954688
DOGE/USD,2024-11-09 06:00:00+00:00,0.20238,0.232624,0.2013,0.22696,727717.246820653,177.0,0.2236790734
DOGE/USD,2024-11-10 06:00:00+00:00,0.226911,0.3028175,0.224585,0.278,1867081.996415994,442.0,0.2573825644
DOGE/USD,2024-11-11 06:00:00+00:00,0.2777415,0.447476385,0.275325,0.4000445,1438471.417349501,668.0,0.3325111979
DOGE/USD,2024-11-12 06:00:00+00:00,0.400165,0.439232,0.329525,0.36255,1706719.558496798,1188.0,0.3885839358
DOGE/USD,2024-11-13 06:00:00+00:00,0.3629195,0.434363,0.3569705,0.3945085,1430374.003099955,581.0,0.4003274486
DOGE/USD,2024-11-14 06:00:00+00:00,0.39446,0.4165285,0.35263,0.366,2706515.342896746,470.0,0.3907662442
DOGE/USD,2024-11-15 06:00:00+00:00,0.366132,0.384645,0.35271,0.378175,471485.384248913,383.0,0.3681053933
DOGE/USD,2024-11-16 06:00:00+00:00,0.37781,0.391205,0.34007,0.35,499067.980043836,295.0,0.3669601721
DOGE/USD,2024-11-17 06:00:00+00:00,0.35001,0.375955,0.348862,0.3694125,99465.662448375,167.0,0.3630730099
DOGE/USD,2024-11-18 06:00:00+00:00,0.36947,0.3928635515,0.357685,0.38938,973598.871785078,420.0,0.3741542046
DOGE/USD,2024-11-19 06:00:00+00:00,0.38881,0.4204,0.37669,0.390145,853555.578484686,353.0,0.3979005254
DOGE/USD,2024-11-20 06:00:00+00:00,0.3901005,0.396737,0.3657375,0.3837225,594864.575565769,263.0,0.3860959703
DOGE/USD,2024-11-21 06:00:00+00:00,0.384035,0.402155,0.37765,0.39625,630449.501023209,224.0,0.3913445915
DOGE/USD,2024-11-22 06:00:00+00:00,0.396278,0.479745,0.385495,0.466765,1687822.043560161,445.0,0.442001217
DOGE/USD,2024-11-23 06:00:00+00:00,0.46685,0.479795,0.401985111,0.4360255,678339.972955422,482.0,0.459788449
DOGE/USD,2024-11-24 06:00:00+00:00,0.4357,0.440915,0.400272,0.424765,981272.433299977,263.0,0.4184233162
DOGE/USD,2024-11-25 06:00:00+00:00,0.425275,0.4375965,0.3808565,0.407337,711446.51269577,381.0,0.4132540434
DOGE/USD,2024-11-26 06:00:00+00:00,0.407805,0.409125,0.3651,0.3887,481516.442004856,348.0,0.3806950588
DOGE/USD,2024-11-27 06:00:00+00:00,0.3891055,0.428905,0.385513,0.40763,1254170.906129617,270.0,0.4070398592
DOGE/USD,2024-11-28 06:00:00+00:00,0.4075265,0.408145,0.391531,0.4048365,131354.440186423,110.0,0.4039803802
DOGE/USD,2024-11-29 06:00:00+00:00,0.40456,0.43755,0.40043,0.4284475,688926.475112693,223.0,0.4249135093
DOGE/USD,2024-11-30 06:00:00+00:00,0.42864,0.437027,0.4170712245,0.4265,798659.990762323,326.0,0.429226696
DOGE/USD,2024-12-01 06:00:00+00:00,0.4264,0.463286535,0.4207,0.43897,1099325.435094821,224.0,0.440516204
DOGE/USD,2024-12-02 06:00:00+00:00,0.43906,0.4399955,0.400723,0.4230335,1090784.794393474,294.0,0.419634789
DOGE/USD,2024-12-03 06:00:00+00:00,0.4231685,0.428823,0.3883545,0.41884,284384.776123863,237.0,0.408995574
DOGE/USD,2024-12-04 06:00:00+00:00,0.4194265,0.46473,0.400448,0.46235,649275.802272938,322.0,0.4173396426
DOGE/USD,2024-12-05 06:00:00+00:00,0.44759,0.45693,0.415374,0.43554,880261.961684056,290.0,0.4437313355
DOGE/USD,2024-12-06 06:00:00+00:00,0.43585,0.44183,0.42055,0.432530893,248540.573310453,156.0,0.4356095929
DOGE/USD,2024-12-07 06:00:00+00:00,0.431761786,0.484305,0.4317,0.46793,522809.540213697,295.0,0.4572292277
DOGE/USD,2024-12-08 06:00:00+00:00,0.4682625,0.47092,0.44629,0.453125,140356.442889392,180.0,0.4604045771
DOGE/USD,2024-12-09 06:00:00+00:00,0.45285,0.45285,0.379209,0.4068405,551366.890979581,451.0,0.4173899383
DOGE/USD,2024-12-10 06:00:00+00:00,0.40709,0.416578,0.3663,0.39177,747959.488878604,369.0,0.3869598561
DOGE/USD,2024-12-11 06:00:00+00:00,0.391599,0.423962,0.38665,0.4188,385449.70438427,246.0,0.4114205049
DOGE/USD,2024-12-12 06:00:00+00:00,0.4185,0.419995,0.399375,0.4068185,198918.462139342,144.0,0.4093674708
DOGE/USD,2024-12-13 06:00:00+00:00,0.407089,0.41333,0.399715,0.409275,196951.174357925,220.0,0.4063331492
DOGE/USD,2024-12-14 06:00:00+00:00,0.409055,0.41232,0.387558,0.39926,196367.584776008,142.0,0.3928910963
DOGE/USD,2024-12-15 06:00:00+00:00,0.399301,0.4144505,0.392485,0.40508348,83964.137204583,339.0,0.4023870723
DOGE/USD,2024-12-16 06:00:00+00:00,0.40492348,0.413275,0.392685,0.400384,463903.319621147,309.0,0.403207278
DOGE/USD,2024-12-17 06:00:00+00:00,0.400316,0.4095005,0.38125,0.384435,475348.803196532,227.0,0.3969892946
DOGE/USD,2024-12-18 06:00:00+00:00,0.384301,0.3903,0.3403185,0.36291,699108.916159856,371.0,0.3625357136
DOGE/USD,2024-12-19 06:00:00+00:00,0.36317,0.3668005,0.300235,0.315028,690877.233709472,356.0,0.3245796819
DOGE/USD,2024-12-20 06:00:00+00:00,0.3151745,0.34278,0.261814,0.34158,1155536.693379119,398.0,0.3033143903
DOGE/USD,2024-12-21 06:00:00+00:00,0.341413,0.349869,0.3054085,0.31015,1046697.226906117,222.0,0.3220037719
DOGE/USD,2024-12-22 06:00:00+00:00,0.310353,0.3242095,0.3028085,0.31566,533825.592899309,137.0,0.3137616009
DOGE/USD,2024-12-23 06:00:00+00:00,0.31582,0.328426,0.303292,0.3238145,379957.002193732,182.0,0.3131294052
DOGE/USD,2024-12-24 06:00:00+00:00,0.32366,0.340325,0.317325,0.3337,223501.338959319,141.0,0.3297897911
DOGE/USD,2024-12-25 06:00:00+00:00,0.3338,0.3417465,0.324075,0.32644,188848.455718052,102.0,0.3326473124
DOGE/USD,2024-12-26 06:00:00+00:00,0.32654,0.32654,0.3081501535,0.3142035,137959.047812624,125.0,0.3156467623
DOGE/USD,2024-12-27 06:00:00+00:00,0.314305,0.324355,0.308505,0.315266,180788.426481909,129.0,0.3153849373
DOGE/USD,2024-12-28 06:00:00+00:00,0.31538,0.326781,0.314104,0.3252,17123.204003545,66.0,0.3213686229
DOGE/USD,2024-12-29 06:00:00+00:00,0.325345,0.3290325,0.3115445,0.3167775,742376.203762914,81.0,0.3180349333
DOGE/USD,2024-12-30 06:00:00+00:00,0.3170085,0.3226655,0.306405,0.310355,136694.696283358,131.0,0.3135096025
