filename,date,isCompleteData,original_count,predicted_count
DOGE_20171101,2017-11-01,True,252,252
DOGE_20171102,2017-11-02,True,223,223
DOGE_20171103,2017-11-03,True,304,304
DOGE_20171104,2017-11-04,True,253,253
DOGE_20171105,2017-11-05,True,215,215
DOGE_20171106,2017-11-06,True,226,226
DOGE_20171107,2017-11-07,True,226,226
DOGE_20171108,2017-11-08,True,230,230
DOGE_20171109_Latest88,2017-11-09,False,88,238
DOGE_20171110,2017-11-10,True,272,272
DOGE_20171111,2017-11-11,True,305,305
DOGE_20171112,2017-11-12,True,267,267
DOGE_20171113,2017-11-13,True,248,248
DOGE_20171114,2017-11-14,True,238,238
DOGE_20171115,2017-11-15,True,256,256
DOGE_20171116,2017-11-16,True,299,299
DOGE_20171117,2017-11-17,True,295,295
DOGE_20171118,2017-11-18,True,267,267
DOGE_20171119,2017-11-19,True,266,266
DOGE_20171120,2017-11-20,True,349,349
DOGE_20171121,2017-11-21,True,315,315
DOGE_20171122,2017-11-22,True,641,641
DOGE_20171123,2017-11-23,True,862,862
DOGE_20171124,2017-11-24,True,412,412
DOGE_20171125,2017-11-25,True,310,310
DOGE_20171126,2017-11-26,True,304,304
DOGE_20171127,2017-11-27,True,371,371
DOGE_20171128,2017-11-28,True,434,434
DOGE_20171129,2017-11-29,True,481,481
DOGE_20171130,2017-11-30,True,435,435
DOGE_20171201,2017-12-01,True,670,670
DOGE_20171202,2017-12-02,True,732,732
DOGE_20171203,2017-12-03,True,586,586
DOGE_20171204,2017-12-04,True,950,950
DOGE_20171205,2017-12-05,True,747,747
DOGE_20171206,2017-12-06,True,733,733
DOGE_20171207_Latest725,2017-12-07,False,725,786
DOGE_20171208,2017-12-08,True,852,852
DOGE_20171209,2017-12-09,True,659,659
DOGE_20171210,2017-12-10,True,916,916
DOGE_20171211,2017-12-11,True,791,791
DOGE_20171212,2017-12-12,True,796,796
DOGE_20171213,2017-12-13,True,799,799
DOGE_20171214,2017-12-14,True,653,653
DOGE_20171215,2017-12-15,True,683,683
DOGE_20171216,2017-12-16,True,989,989
DOGE_20171217,2017-12-17,True,915,915
DOGE_20171218,2017-12-18,True,922,922
DOGE_20171219,2017-12-19,True,910,910
DOGE_20171220,2017-12-20,True,1090,1090
DOGE_20171221,2017-12-21,True,1115,1115
DOGE_20171222,2017-12-22,True,852,852
DOGE_20171223_Latest529,2017-12-23,False,529,938
DOGE_20171224,2017-12-24,True,1052,1052
DOGE_20171225_Latest364,2017-12-25,False,364,1149
DOGE_20171226,2017-12-26,True,1025,1025
DOGE_20171227,2017-12-27,True,1135,1135
DOGE_20171228_Latest854,2017-12-28,False,854,1009
DOGE_20171229_Latest747,2017-12-29,False,747,1066
DOGE_20171230_Latest547,2017-12-30,False,547,1050
DOGE_20171231,2017-12-31,True,891,891
DOGE_20180101,2018-01-01,True,756,756
DOGE_20180102,2018-01-02,True,814,814
DOGE_20180103_Latest405,2018-01-03,False,405,858
DOGE_20180104_Latest198,2018-01-04,False,198,908
DOGE_20180105_Latest566,2018-01-05,False,566,1531
DOGE_20180106_Latest50,2018-01-06,False,50,1277
DOGE_20180107,2018-01-07,True,1565,1565
DOGE_20180108_Latest637,2018-01-08,False,637,2010
DOGE_20180109_Latest774,2018-01-09,False,774,1373
DOGE_20180110,2018-01-10,True,1112,1112
DOGE_20180111,2018-01-11,True,1102,1102
DOGE_20180112_Latest1115,2018-01-12,False,1115,1159
DOGE_20180113,2018-01-13,True,867,867
DOGE_20180114_Latest164,2018-01-14,False,164,965
DOGE_20180115_Latest19,2018-01-15,False,19,485
DOGE_20180116_Latest486,2018-01-16,False,486,933
DOGE_20180117,2018-01-17,True,827,827
DOGE_20180118,2018-01-18,True,867,867
DOGE_20180119,2018-01-19,True,792,792
DOGE_20180120,2018-01-20,True,721,721
DOGE_20180121,2018-01-21,True,729,729
DOGE_20180122,2018-01-22,True,881,881
DOGE_20180123,2018-01-23,True,852,852
DOGE_20180124,2018-01-24,True,993,993
DOGE_20180125,2018-01-25,True,1069,1069
DOGE_20180126,2018-01-26,True,1033,1033
DOGE_20180127,2018-01-27,True,922,922
DOGE_20180128,2018-01-28,True,898,898
DOGE_20180129,2018-01-29,True,926,926
DOGE_20180130_Latest260,2018-01-30,False,260,703
DOGE_20180131,2018-01-31,True,894,894
DOGE_20180201,2018-02-01,True,1055,1055
DOGE_20180202,2018-02-02,True,929,929
DOGE_20180203,2018-02-03,True,942,942
DOGE_20180204,2018-02-04,True,914,914
DOGE_20180205,2018-02-05,True,892,892
DOGE_20180206,2018-02-06,True,878,878
DOGE_20180207,2018-02-07,True,952,952
DOGE_20180208,2018-02-08,True,777,777
DOGE_20180209,2018-02-09,True,822,822
DOGE_20180210,2018-02-10,True,743,743
DOGE_20180211,2018-02-11,True,816,816
DOGE_20180212,2018-02-12,True,818,818
DOGE_20180213,2018-02-13,True,851,851
DOGE_20180214,2018-02-14,True,1075,1075
DOGE_20180215,2018-02-15,True,919,919
DOGE_20180216,2018-02-16,True,929,929
DOGE_20180217,2018-02-17,True,850,850
DOGE_20180218,2018-02-18,True,1185,1185
DOGE_20180219,2018-02-19,True,987,987
DOGE_20180220,2018-02-20,True,995,995
DOGE_20180221,2018-02-21,True,1016,1016
DOGE_20180222,2018-02-22,True,875,875
DOGE_20180223,2018-02-23,True,749,749
DOGE_20180224,2018-02-24,True,719,719
DOGE_20180225,2018-02-25,True,679,679
DOGE_20180226,2018-02-26,True,649,649
DOGE_20180227,2018-02-27,True,687,687
DOGE_20180228,2018-02-28,True,647,647
DOGE_20180301,2018-03-01,True,716,716
DOGE_20180302_Latest553,2018-03-02,False,553,717
DOGE_20180303,2018-03-03,True,626,626
DOGE_20180304,2018-03-04,True,539,539
DOGE_20180305,2018-03-05,True,601,601
DOGE_20180306,2018-03-06,True,688,688
DOGE_20180307,2018-03-07,True,551,551
DOGE_20180308,2018-03-08,True,587,587
DOGE_20180309,2018-03-09,True,555,555
DOGE_20180310_Latest440,2018-03-10,False,440,520
DOGE_20180311,2018-03-11,True,510,510
DOGE_20180312,2018-03-12,True,597,597
DOGE_20180313,2018-03-13,True,563,563
DOGE_20180314,2018-03-14,True,545,545
DOGE_20180315,2018-03-15,True,570,570
DOGE_20180316,2018-03-16,True,607,607
DOGE_20180317,2018-03-17,True,528,528
DOGE_20180318,2018-03-18,True,549,549
DOGE_20180319,2018-03-19,True,592,592
DOGE_20180320,2018-03-20,True,615,615
DOGE_20180321,2018-03-21,True,596,596
DOGE_20180322,2018-03-22,True,546,546
DOGE_20180323,2018-03-23,True,531,531
DOGE_20180324,2018-03-24,True,529,529
DOGE_20180325,2018-03-25,True,575,575
DOGE_20180326,2018-03-26,True,589,589
DOGE_20180327,2018-03-27,True,552,552
DOGE_20180328,2018-03-28,True,567,567
DOGE_20180329,2018-03-29,True,536,536
DOGE_20180330,2018-03-30,True,558,558
DOGE_20180331,2018-03-31,True,474,474
DOGE_20180401,2018-04-01,True,552,552
DOGE_20180402,2018-04-02,True,556,556
DOGE_20180403,2018-04-03,True,539,539
DOGE_20180404,2018-04-04,True,547,547
DOGE_20180405,2018-04-05,True,683,683
DOGE_20180406,2018-04-06,True,536,536
DOGE_20180407,2018-04-07,True,533,533
DOGE_20180408,2018-04-08,True,621,621
DOGE_20180409,2018-04-09,True,496,496
DOGE_20180410,2018-04-10,True,670,670
DOGE_20180411,2018-04-11,True,686,686
DOGE_20180412,2018-04-12,True,567,567
DOGE_20180413_Latest392,2018-04-13,False,392,532
DOGE_20180414_Latest314,2018-04-14,False,314,426
DOGE_20180415,2018-04-15,True,462,462
DOGE_20180416,2018-04-16,True,531,531
DOGE_20180417,2018-04-17,True,461,461
DOGE_20180418,2018-04-18,True,590,590
DOGE_20180419,2018-04-19,True,612,612
DOGE_20180420,2018-04-20,True,594,594
DOGE_20180421,2018-04-21,True,603,603
DOGE_20180422,2018-04-22,True,556,556
DOGE_20180423,2018-04-23,True,608,608
DOGE_20180424,2018-04-24,True,582,582
DOGE_20180425,2018-04-25,True,538,538
DOGE_20180426,2018-04-26,True,526,526
DOGE_20180427,2018-04-27,True,496,496
DOGE_20180428,2018-04-28,True,470,470
DOGE_20180429,2018-04-29,True,462,462
DOGE_20180430,2018-04-30,True,438,438
DOGE_20180501,2018-05-01,True,535,535
DOGE_20180502,2018-05-02,True,556,556
DOGE_20180503,2018-05-03,True,473,473
DOGE_20180504,2018-05-04,True,457,457
DOGE_20180505,2018-05-05,True,485,485
DOGE_20180506,2018-05-06,True,501,501
DOGE_20180507,2018-05-07,True,490,490
DOGE_20180508,2018-05-08,True,595,595
DOGE_20180509,2018-05-09,True,551,551
DOGE_20180510,2018-05-10,True,478,478
DOGE_20180511,2018-05-11,True,493,493
DOGE_20180512,2018-05-12,True,439,439
DOGE_20180513,2018-05-13,True,401,401
DOGE_20180514,2018-05-14,True,383,383
DOGE_20180515,2018-05-15,True,417,417
DOGE_20180516,2018-05-16,True,370,370
DOGE_20180517,2018-05-17,True,362,362
DOGE_20180518,2018-05-18,True,363,363
DOGE_20180519,2018-05-19,True,399,399
DOGE_20180520,2018-05-20,True,385,385
DOGE_20180521,2018-05-21,True,448,448
DOGE_20180522,2018-05-22,True,433,433
DOGE_20180523,2018-05-23,True,406,406
DOGE_20180524,2018-05-24,True,435,435
DOGE_20180525,2018-05-25,True,419,419
DOGE_20180526,2018-05-26,True,352,352
DOGE_20180527,2018-05-27,True,327,327
DOGE_20180528,2018-05-28,True,360,360
DOGE_20180529,2018-05-29,True,376,376
DOGE_20180530,2018-05-30,True,362,362
DOGE_20180531,2018-05-31,True,400,400
DOGE_20180601,2018-06-01,False,327,327
DOGE_20180701,2018-07-01,True,382,382
DOGE_20180815_Latest160,2018-08-15,False,160,307
DOGE_20180816_Latest141,2018-08-16,False,141,335
DOGE_20180817_Latest62,2018-08-17,False,62,284
DOGE_20180818_Latest66,2018-08-18,False,66,303
DOGE_20180819,2018-08-19,True,381,381
DOGE_20180820,2018-08-20,True,396,396
DOGE_20180821_Latest30,2018-08-21,False,30,239
DOGE_20180822,2018-08-22,True,379,379
DOGE_20180823_Latest296,2018-08-23,False,296,367
DOGE_20180824_Latest396,2018-08-24,False,396,411
DOGE_20180825,2018-08-25,True,366,366
DOGE_20180826,2018-08-26,True,382,382
DOGE_20180827,2018-08-27,True,451,451
DOGE_20180828,2018-08-28,True,409,409
DOGE_20180829,2018-08-29,True,411,411
DOGE_20180830,2018-08-30,True,798,798
DOGE_20180831,2018-08-31,True,1474,1474
DOGE_20180901,2018-09-01,True,1833,1833
DOGE_20180902,2018-09-02,True,1171,1171
DOGE_20180903,2018-09-03,True,938,938
DOGE_20180904,2018-09-04,True,679,679
DOGE_20180905,2018-09-05,True,737,737
DOGE_20180906,2018-09-06,True,731,731
DOGE_20180907,2018-09-07,True,656,656
DOGE_20180908,2018-09-08,True,776,776
DOGE_20180909,2018-09-09,True,736,736
DOGE_20180910,2018-09-10,True,1111,1111
DOGE_20180911,2018-09-11,True,1042,1042
DOGE_20180912,2018-09-12,True,763,763
DOGE_20180913,2018-09-13,True,621,621
DOGE_20180914,2018-09-14,True,735,735
DOGE_20180915,2018-09-15,True,465,465
DOGE_20180916,2018-09-16,True,501,501
DOGE_20180917,2018-09-17,True,929,929
DOGE_20180918,2018-09-18,True,709,709
DOGE_20180919,2018-09-19,True,579,579
DOGE_20180920,2018-09-20,True,420,420
DOGE_20180921,2018-09-21,True,431,431
DOGE_20180922,2018-09-22,True,329,329
DOGE_20180923,2018-09-23,True,371,371
DOGE_20180924,2018-09-24,True,414,414
DOGE_20180925,2018-09-25,True,387,387
DOGE_20180926,2018-09-26,True,446,446
DOGE_20180927,2018-09-27,True,349,349
DOGE_20180928,2018-09-28,True,336,336
DOGE_20180929,2018-09-29,True,295,295
DOGE_20180930,2018-09-30,True,242,242
DOGE_20181001_Latest142,2018-10-01,False,142,338
DOGE_20181002,2018-10-02,True,283,283
DOGE_20181003_Latest206,2018-10-03,False,206,342
DOGE_20181004,2018-10-04,True,392,392
DOGE_20181005_Latest71,2018-10-05,False,71,326
DOGE_20181006,2018-10-06,True,298,298
DOGE_20181007_Latest84,2018-10-07,False,84,227
DOGE_20181008_Latest125,2018-10-08,False,125,297
DOGE_20181009_Latest10,2018-10-09,False,10,255
DOGE_20181010,2018-10-10,True,421,421
DOGE_20181011_Latest253,2018-10-11,False,253,486
DOGE_20181012,2018-10-12,True,411,411
DOGE_20181013,2018-10-13,True,299,299
DOGE_20181014,2018-10-14,True,381,381
DOGE_20181015,2018-10-15,True,497,497
DOGE_20181016,2018-10-16,True,356,356
DOGE_20181017,2018-10-17,True,458,458
DOGE_20181018,2018-10-18,True,360,360
DOGE_20181019,2018-10-19,True,448,448
DOGE_20181020,2018-10-20,True,370,370
DOGE_20181021,2018-10-21,True,334,334
DOGE_20181022,2018-10-22,True,339,339
DOGE_20181023,2018-10-23,True,365,365
DOGE_20181024,2018-10-24,True,434,434
DOGE_20181025,2018-10-25,True,390,390
DOGE_20181026,2018-10-26,True,474,474
DOGE_20181027,2018-10-27,True,497,497
DOGE_20181028,2018-10-28,True,281,281
DOGE_20181029,2018-10-29,True,373,373
DOGE_20181030,2018-10-30,True,387,387
DOGE_20181031,2018-10-31,True,319,319
DOGE_20181101,2018-11-01,True,356,356
DOGE_20181102,2018-11-02,True,322,322
DOGE_20181103,2018-11-03,True,293,293
DOGE_20181104,2018-11-04,True,234,234
DOGE_20181105,2018-11-05,True,299,299
DOGE_20181106,2018-11-06,True,366,366
DOGE_20181107,2018-11-07,True,314,314
DOGE_20181108,2018-11-08,True,324,324
DOGE_20181109,2018-11-09,True,321,321
DOGE_20181110,2018-11-10,True,330,330
DOGE_20181111,2018-11-11,True,228,228
DOGE_20181112,2018-11-12,True,245,245
DOGE_20181113,2018-11-13,True,210,210
DOGE_20181114,2018-11-14,True,293,293
DOGE_20181115,2018-11-15,True,347,347
DOGE_20181116,2018-11-16,True,281,281
DOGE_20181117,2018-11-17,True,217,217
DOGE_20181118,2018-11-18,True,216,216
DOGE_20181119,2018-11-19,True,285,285
DOGE_20181120,2018-11-20,True,231,231
DOGE_20181121,2018-11-21,True,227,227
DOGE_20181122,2018-11-22,True,252,252
DOGE_20181123,2018-11-23,True,248,248
DOGE_20181124,2018-11-24,True,183,183
DOGE_20181125,2018-11-25,True,193,193
DOGE_20181126,2018-11-26,True,210,210
DOGE_20181127,2018-11-27,True,283,283
DOGE_20181128,2018-11-28,True,244,244
DOGE_20181129,2018-11-29,True,228,228
DOGE_20181130,2018-11-30,True,246,246
DOGE_20181201,2018-12-01,True,233,233
DOGE_20181202,2018-12-02,True,289,289
DOGE_20181203,2018-12-03,True,302,302
DOGE_20181204,2018-12-04,True,349,349
DOGE_20181205_Latest82,2018-12-05,False,82,307
DOGE_20181206,2018-12-06,True,324,324
DOGE_20181207,2018-12-07,True,333,333
DOGE_20181208,2018-12-08,True,208,208
DOGE_20181209,2018-12-09,True,193,193
DOGE_20181210,2018-12-10,True,229,229
DOGE_20181211,2018-12-11,True,269,269
DOGE_20181212,2018-12-12,True,308,308
DOGE_20181213,2018-12-13,True,306,306
DOGE_20181214,2018-12-14,True,320,320
DOGE_20181215,2018-12-15,True,255,255
DOGE_20190315,2019-03-15,True,363,363
DOGE_20190316,2019-03-16,True,210,210
DOGE_20190317_Latest131,2019-03-17,False,131,218
DOGE_20190318,2019-03-18,True,273,273
DOGE_20190319_Latest46,2019-03-19,False,46,211
DOGE_20190320_Latest436,2019-03-20,False,436,515
DOGE_20190321,2019-03-21,True,280,280
DOGE_20190322,2019-03-22,True,276,276
DOGE_20190323,2019-03-23,True,254,254
DOGE_20190324,2019-03-24,True,209,209
DOGE_20190325,2019-03-25,True,252,252
DOGE_20190326,2019-03-26,True,235,235
DOGE_20190327,2019-03-27,True,339,339
DOGE_20190328,2019-03-28,True,361,361
DOGE_20190329,2019-03-29,True,303,303
DOGE_20190330,2019-03-30,True,238,238
DOGE_20190331,2019-03-31,True,227,227
DOGE_20190401,2019-04-01,True,767,767
DOGE_20190402_Latest1349,2019-04-02,False,1349,2241
DOGE_20190403,2019-04-03,True,1435,1435
DOGE_20190404,2019-04-04,True,1041,1041
DOGE_20190405,2019-04-05,True,585,585
DOGE_20190406,2019-04-06,True,332,332
DOGE_20190407,2019-04-07,True,378,378
DOGE_20190408,2019-04-08,True,366,366
DOGE_20190409,2019-04-09,True,427,427
DOGE_20190410,2019-04-10,True,399,399
DOGE_20190411,2019-04-11,True,311,311
DOGE_20190412,2019-04-12,True,334,334
DOGE_20190413,2019-04-13,True,272,272
DOGE_20190414,2019-04-14,True,269,269
DOGE_20190415,2019-04-15,True,304,304
DOGE_20190416,2019-04-16,True,330,330
DOGE_20190417,2019-04-17,True,350,350
DOGE_20190418,2019-04-18,True,400,400
DOGE_20190419,2019-04-19,True,313,313
DOGE_20190420,2019-04-20,True,316,316
DOGE_20190421,2019-04-21,True,246,246
DOGE_20190422,2019-04-22,True,325,325
DOGE_20190423,2019-04-23,True,333,333
DOGE_20190424,2019-04-24,True,319,319
DOGE_20190425,2019-04-25,True,300,300
DOGE_20190426,2019-04-26,True,263,263
DOGE_20190427,2019-04-27,True,251,251
DOGE_20190428,2019-04-28,True,253,253
DOGE_20190429,2019-04-29,True,278,278
DOGE_20190430,2019-04-30,True,453,453
DOGE_20200101,2020-01-01,True,137,137
DOGE_20200102_Latest32,2020-01-02,False,32,255
DOGE_20200103,2020-01-03,True,182,182
DOGE_20200104,2020-01-04,True,256,256
DOGE_20200105,2020-01-05,True,248,248
DOGE_20200106,2020-01-06,True,295,295
DOGE_20200107,2020-01-07,True,204,204
DOGE_20200108,2020-01-08,True,237,237
DOGE_20200109,2020-01-09,True,241,241
DOGE_20200110,2020-01-10,True,304,304
DOGE_20200111,2020-01-11,True,169,169
DOGE_20200112,2020-01-12,True,177,177
DOGE_20200113,2020-01-13,True,203,203
DOGE_20200114,2020-01-14,True,213,213
DOGE_20200115,2020-01-15,True,196,196
DOGE_20200116,2020-01-16,True,166,166
DOGE_20200117,2020-01-17,True,259,259
DOGE_20200118,2020-01-18,True,277,277
DOGE_20200119,2020-01-19,True,216,216
DOGE_20200120,2020-01-20,True,206,206
DOGE_20200121,2020-01-21,True,188,188
DOGE_20200122,2020-01-22,True,164,164
DOGE_20200123,2020-01-23,True,196,196
DOGE_20200124,2020-01-24,True,187,187
DOGE_20200125,2020-01-25,True,223,223
DOGE_20200126,2020-01-26,True,204,204
DOGE_20200127,2020-01-27,True,170,170
DOGE_20200128,2020-01-28,True,216,216
DOGE_20200129,2020-01-29,True,221,221
DOGE_20200130,2020-01-30,True,168,168
DOGE_20200131,2020-01-31,True,191,191
DOGE_20200201,2020-02-01,True,203,203
DOGE_20200202,2020-02-02,True,200,200
DOGE_20200203,2020-02-03,True,198,198
DOGE_20200204,2020-02-04,True,253,253
DOGE_20200205_Latest133,2020-02-05,False,133,282
DOGE_20200206,2020-02-06,True,252,252
DOGE_20200207_Latest7,2020-02-07,False,7,179
DOGE_20200208,2020-02-08,True,624,624
DOGE_20200209,2020-02-09,True,459,459
DOGE_20200210,2020-02-10,True,374,374
DOGE_20200211,2020-02-11,True,278,278
DOGE_20200212,2020-02-12,True,301,301
DOGE_20200213,2020-02-13,True,259,259
DOGE_20200214,2020-02-14,True,232,232
DOGE_20200215,2020-02-15,True,239,239
DOGE_20200216,2020-02-16,True,210,210
DOGE_20200217,2020-02-17,True,234,234
DOGE_20200218,2020-02-18,True,292,292
DOGE_20200219,2020-02-19,True,213,213
DOGE_20200220,2020-02-20,True,186,186
DOGE_20200221,2020-02-21,True,214,214
DOGE_20200222_Latest137,2020-02-22,False,137,205
DOGE_20200223,2020-02-23,True,185,185
DOGE_20200224,2020-02-24,True,221,221
DOGE_20200225,2020-02-25,True,197,197
DOGE_20200226,2020-02-26,True,206,206
DOGE_20200227,2020-02-27,True,235,235
DOGE_20200228,2020-02-28,True,160,160
DOGE_20200229,2020-02-29,True,171,171
DOGE_20200301,2020-03-01,True,191,191
DOGE_20200302,2020-03-02,True,172,172
DOGE_20200303,2020-03-03,True,525,525
DOGE_20200304,2020-03-04,True,348,348
DOGE_20200305,2020-03-05,True,236,236
DOGE_20200306,2020-03-06,True,212,212
DOGE_20200307,2020-03-07,True,169,169
DOGE_20200308,2020-03-08,True,200,200
DOGE_20200309,2020-03-09,True,202,202
DOGE_20200310,2020-03-10,True,210,210
DOGE_20200311,2020-03-11,True,166,166
DOGE_20200312,2020-03-12,True,293,293
DOGE_20200313,2020-03-13,True,212,212
DOGE_20200314,2020-03-14,True,155,155
DOGE_20200315,2020-03-15,True,156,156
DOGE_20200316,2020-03-16,True,160,160
DOGE_20200317,2020-03-17,True,170,170
DOGE_20200318,2020-03-18,True,129,129
DOGE_20200319,2020-03-19,True,207,207
DOGE_20200320,2020-03-20,True,160,160
DOGE_20200321,2020-03-21,True,111,111
DOGE_20200322,2020-03-22,True,155,155
DOGE_20200323,2020-03-23,True,170,170
DOGE_20200324,2020-03-24,True,161,161
DOGE_20200325,2020-03-25,True,174,174
DOGE_20200326,2020-03-26,True,166,166
DOGE_20200327,2020-03-27,True,154,154
DOGE_20200328,2020-03-28,True,126,126
DOGE_20200329,2020-03-29,True,162,162
DOGE_20200330,2020-03-30,True,203,203
DOGE_20200331_Latest4,2020-03-31,False,4,102
DOGE_20200401,2020-04-01,True,246,246
DOGE_20200402,2020-04-02,True,185,185
DOGE_20200403,2020-04-03,True,138,138
DOGE_20200404,2020-04-04,True,158,158
DOGE_20200405,2020-04-05,True,125,125
DOGE_20200406,2020-04-06,True,156,156
DOGE_20200407,2020-04-07,True,263,263
DOGE_20200408,2020-04-08,True,130,130
DOGE_20200409,2020-04-09,True,143,143
DOGE_20200410,2020-04-10,True,164,164
DOGE_20200411,2020-04-11,True,207,207
DOGE_20200412,2020-04-12,True,146,146
DOGE_20200413,2020-04-13,True,148,148
DOGE_20200414,2020-04-14,True,204,204
DOGE_20200415,2020-04-15,True,166,166
DOGE_20200416,2020-04-16,True,161,161
DOGE_20200417,2020-04-17,True,186,186
DOGE_20200418,2020-04-18,True,159,159
DOGE_20200419,2020-04-19,True,149,149
DOGE_20200420,2020-04-20,True,232,232
DOGE_20200421,2020-04-21,True,177,177
DOGE_20200422,2020-04-22,True,170,170
DOGE_20200423,2020-04-23,True,184,184
DOGE_20200424,2020-04-24,True,135,135
DOGE_20200425,2020-04-25,True,211,211
DOGE_20200426,2020-04-26,True,385,385
DOGE_20200427,2020-04-27,True,298,298
DOGE_20200428,2020-04-28,True,193,193
DOGE_20200429,2020-04-29,True,220,220
DOGE_20200430,2020-04-30,True,219,219
DOGE_20210315_Latest4405,2021-03-15,False,4405,5975
DOGE_20210316_Latest4044,2021-03-16,False,4044,6719
DOGE_20210317_Latest4338,2021-03-17,False,4338,6820
DOGE_20210318,2021-03-18,True,6003,6003
DOGE_20210319,2021-03-19,True,6033,6033
DOGE_20210320,2021-03-20,True,5482,5482
DOGE_20210321,2021-03-21,True,4258,4258
DOGE_20210322,2021-03-22,True,4832,4832
DOGE_20210323,2021-03-23,True,4893,4893
DOGE_20210324,2021-03-24,True,6150,6150
DOGE_20210325,2021-03-25,True,5015,5015
DOGE_20210326,2021-03-26,True,4246,4246
DOGE_20210327,2021-03-27,True,4170,4170
DOGE_20210328,2021-03-28,True,4026,4026
DOGE_20210329,2021-03-29,True,3797,3797
DOGE_20210330,2021-03-30,True,4115,4115
DOGE_20210331,2021-03-31,True,3598,3598
DOGE_20210401,2021-04-01,True,10170,10170
DOGE_20210402,2021-04-02,True,5077,5077
DOGE_20210403_Latest898,2021-04-03,False,898,3363
DOGE_20210404,2021-04-04,True,3517,3517
DOGE_20210405,2021-04-05,True,3906,3906
DOGE_20210406,2021-04-06,True,5449,5449
DOGE_20210407,2021-04-07,True,5477,5477
DOGE_20210408,2021-04-08,True,3821,3821
DOGE_20210409,2021-04-09,True,4445,4445
DOGE_20210410,2021-04-10,True,5052,5052
DOGE_20210411,2021-04-11,True,11622,11622
DOGE_20210412,2021-04-12,True,4985,4985
DOGE_20210413,2021-04-13,True,16228,16228
DOGE_20210414_Latest23795,2021-04-14,False,23795,26900
DOGE_20210415_Latest25940,2021-04-15,False,25940,29325
DOGE_20210416_Latest11037,2021-04-16,False,11037,50632
DOGE_20210417_Latest463,2021-04-17,False,463,11822
DOGE_20210418_Latest21553,2021-04-18,False,21553,22396
DOGE_20210419_Latest5173,2021-04-19,False,5173,41183
DOGE_20210420_Latest37310,2021-04-20,False,37310,40431
DOGE_20210421_Latest3160,2021-04-21,False,3160,18590
DOGE_20210422_Latest4137,2021-04-22,False,4137,18978
DOGE_20210423_Latest5088,2021-04-23,False,5088,13759
DOGE_20210424_Latest6266,2021-04-24,False,6266,13267
DOGE_20210425,2021-04-25,True,12409,12409
DOGE_20210426_Latest8792,2021-04-26,False,8792,10906
DOGE_20210427,2021-04-27,True,12276,12276
DOGE_20210428_Latest654,2021-04-28,False,654,16699
DOGE_20210429_Latest11097,2021-04-29,False,11097,12025
DOGE_20210430,2021-04-30,True,12678,12678
doge_prolific_author_tweets_202104,2021-04-12,True,11767,11767
DOGE_20210501,2021-05-01,False,10282,16164
DOGE_20210502,2021-05-02,True,14634,14634
DOGE_20210503,2021-05-03,True,26238,26238
DOGE_20210504_Latest50001_max,2021-05-04,False,50001,78604
DOGE_20210505_Latest24076_keyboard,2021-05-05,False,24076,42693
DOGE_20210506_Latest15060_http,2021-05-06,False,15060,28905
DOGE_20210507_Latest23920,2021-05-07,False,23920,32446
DOGE_20210508_Latest31173,2021-05-08,False,31173,38670
DOGE_20210509,2021-05-09,True,86124,86124
DOGE_20210510_Latest23093_twice,2021-05-10,False,23093,40950
DOGE_20210511,2021-05-11,True,42077,42077
DOGE_20210512,2021-05-12,True,41564,41564
DOGE_20210513_Latest19119,2021-05-13,False,19119,51701
DOGE_20210514_Latest14932,2021-05-14,False,14932,35495
DOGE_20210515,2021-05-15,True,25018,25018
DOGE_20210516,2021-05-16,True,42234,42234
DOGE_20210517,2021-05-17,True,37518,37518
DOGE_20210518,2021-05-18,True,22903,22903
DOGE_20210519,2021-05-19,True,31045,31045
DOGE_20210520,2021-05-20,True,26001,26001
DOGE_20210521,2021-05-21,True,19089,19089
DOGE_20210522_Latest3876,2021-05-22,False,3876,14516
DOGE_20210523,2021-05-23,True,17019,17019
DOGE_20210524_Latest20257,2021-05-24,False,20257,27477
DOGE_20210525,2021-05-25,True,35883,35883
DOGE_20210526,2021-05-26,True,18900,18900
DOGE_20210527_Latest21730_keyboard,2021-05-27,False,21730,24566
DOGE_20210528,2021-05-28,True,13175,13175
DOGE_20210529,2021-05-29,True,11339,11339
DOGE_20210530,2021-05-30,True,10699,10699
DOGE_20210531,2021-05-31,True,11127,11127
doge_prolific_author_tweets_202105,2021-05-02,False,5530,5530
DOGE_20210601,2021-06-01,True,16006,16006
DOGE_20210602,2021-06-02,True,23250,23250
DOGE_20210603,2021-06-03,True,18073,18073
DOGE_20210604,2021-06-04,True,17889,17889
DOGE_20210605,2021-06-05,True,15913,15913
DOGE_20210606_Latest2533,2021-06-06,False,2533,14901
DOGE_20210607,2021-06-07,True,12743,12743
DOGE_20210608,2021-06-08,True,11962,11962
DOGE_20210609,2021-06-09,True,12283,12283
DOGE_20210610,2021-06-10,True,10219,10219
DOGE_20210611,2021-06-11,True,12604,12604
DOGE_20210612_Latest1484,2021-06-12,False,1484,8730
DOGE_20210613_Latest6340,2021-06-13,False,6340,10533
DOGE_20210614_Latest7141,2021-06-14,False,7141,11864
DOGE_20210615_Latest97,2021-06-15,False,194,4954
DOGE_20210616_Latest2052,2021-06-16,False,2052,9413
DOGE_20210617_Latest208,2021-06-17,False,208,5311
DOGE_20210618_Latest6801,2021-06-18,False,6801,10187
DOGE_20210619,2021-06-19,True,9632,9632
DOGE_20210620_Latest778,2021-06-20,False,778,6194
DOGE_20210621_Latest9673,2021-06-21,False,9673,22994
DOGE_20210622_Latest9521,2021-06-22,False,9521,14967
DOGE_20210623,2021-06-23,True,12399,12399
DOGE_20210624_Latest7345,2021-06-24,False,7345,10482
DOGE_20210625_Latest2619,2021-06-25,False,2619,8265
DOGE_20210626,2021-06-26,True,8767,8767
DOGE_20210627_Latest5180,2021-06-27,False,5180,8143
DOGE_20210628_Latest5753,2021-06-28,False,5753,8210
DOGE_20210629_Latest5750,2021-06-29,False,5750,10196
DOGE_20210630_Latest2462,2021-06-30,False,2462,7770
DOGE_20210701,2021-07-01,True,10954,10954
DOGE_20210702,2021-07-02,True,10364,10364
DOGE_20210703_Latest6731,2021-07-03,False,6731,7609
DOGE_20210704,2021-07-04,True,7542,7542
DOGE_20210705_Latest3208,2021-07-05,False,3208,7626
DOGE_20210706_Latest5198,2021-07-06,False,5198,9217
DOGE_20210707_Latest4815,2021-07-07,False,4815,8538
DOGE_20210708_Latest4637,2021-07-08,False,4637,9818
DOGE_20210709_Latest1640,2021-07-09,False,1640,9648
DOGE_20210710_Latest5147,2021-07-10,False,5147,8091
DOGE_20210711_Latest1975,2021-07-11,False,1975,6233
DOGE_20210712_Latest2364,2021-07-12,False,2364,7460
DOGE_20210713_Latest3383,2021-07-13,False,3383,7163
DOGE_20210714_Latest2830,2021-07-14,False,2830,8931
DOGE_20210715_Latest5216,2021-07-15,False,5216,9249
DOGE_20210716_Latest6453,2021-07-16,False,6453,8363
DOGE_20210717_Latest6231,2021-07-17,False,6231,10352
DOGE_20210718_Latest1425,2021-07-18,False,1425,5337
DOGE_20210719_Latest3198,2021-07-19,False,3198,7602
DOGE_20210720,2021-07-20,True,8528,8528
DOGE_20210721_Latest5948,2021-07-21,False,5948,12594
DOGE_20210722_Latest1544,2021-07-22,False,1544,5782
DOGE_20210723_Latest1628,2021-07-23,False,1628,6097
DOGE_20210724_Latest568,2021-07-24,False,568,4522
DOGE_20210725_Latest1081,2021-07-25,False,1081,6359
DOGE_20210726,2021-07-26,True,9425,9425
DOGE_20210727_Latest4315,2021-07-27,False,4315,6783
DOGE_20210728_Latest1981,2021-07-28,False,1981,6252
DOGE_20210729_Latest2158,2021-07-29,False,2158,5836
DOGE_20210730_Latest764,2021-07-30,False,764,6082
DOGE_20210731_Latest220,2021-07-31,False,220,5617
DOGE_20210801_Latest126,2021-08-01,False,126,3217
DOGE_20210802_Latest283,2021-08-02,False,283,3468
DOGE_20210803_Latest5693,2021-08-03,False,5693,5916
DOGE_20210804_Latest1050,2021-08-04,False,1050,4817
DOGE_20210805_Latest511,2021-08-05,False,511,4068
DOGE_20210806_Latest2450,2021-08-06,False,2450,5824
DOGE_20210807_Latest2381,2021-08-07,False,2381,8917
DOGE_20210808_Latest2337,2021-08-08,False,2337,5555
DOGE_20210809_Latest2559,2021-08-09,False,2559,6920
DOGE_20210810_Latest1621,2021-08-10,False,1621,6071
DOGE_20210811_Latest4304,2021-08-11,False,4304,7632
DOGE_20210812_Latest642,2021-08-12,False,642,5111
DOGE_20210813_Latest3429,2021-08-13,False,3429,6081
DOGE_20210814_Latest3923,2021-08-14,False,3923,6518
DOGE_20210815,2021-08-15,True,9658,9658
DOGE_20210816_Latest6685,2021-08-16,False,6685,7897
DOGE_20210817_Latest4884,2021-08-17,False,4884,7315
DOGE_20210818,2021-08-18,True,8042,8042
DOGE_20210819_Latest1232,2021-08-19,False,1232,7248
DOGE_20210820_Latest47,2021-08-20,False,47,1200
DOGE_20210821_Latest6,2021-08-21,False,6,153
DOGE_20210822_Latest814,2021-08-22,False,814,4789
DOGE_20210823_Latest3104,2021-08-23,False,3104,5958
DOGE_20210824_Latest1790,2021-08-24,False,1790,5649
DOGE_20210825_Latest646,2021-08-25,False,646,5143
DOGE_20210826_Latest2200,2021-08-26,False,2200,5230
DOGE_20210827_Latest547,2021-08-27,False,547,4355
DOGE_20210828_Latest2259,2021-08-28,False,2259,4783
DOGE_20210829_Latest1643,2021-08-29,False,1643,4443
DOGE_20210830_Latest2576,2021-08-30,False,2576,5454
DOGE_20210831_Latest1692,2021-08-31,False,1692,5340
DOGE_20210901_Latest283,2021-09-01,False,283,3468
DOGE_20210902_Latest2569,2021-09-02,False,2569,8107
DOGE_20210903_Latest527,2021-09-03,False,527,4195
DOGE_20210904_Latest3633,2021-09-04,False,3633,5185
DOGE_20210905_Latest2211,2021-09-05,False,2211,6978
DOGE_20210906_Latest711,2021-09-06,False,711,5660
DOGE_20210907_Latest5850,2021-09-07,False,5850,6339
DOGE_20210908,2021-09-08,True,6096,6096
DOGE_20210909_Latest3015,2021-09-09,False,3015,4740
DOGE_20210910_Latest1026,2021-09-10,False,1026,3842
DOGE_20210911_Latest135,2021-09-11,False,135,3447
DOGE_20210912_Latest1539,2021-09-12,False,1539,5764
DOGE_20210913_Latest846,2021-09-13,False,846,4977
DOGE_20210914_Latest263,2021-09-14,False,263,3223
DOGE_20210915_Latest804,2021-09-15,False,804,4730
DOGE_20210916_Latest516,2021-09-16,False,516,4108
DOGE_20210917_Latest822,2021-09-17,False,822,4836
DOGE_20210918_Latest1704,2021-09-18,False,1704,4051
DOGE_20210919_Latest781,2021-09-19,False,781,3583
DOGE_20210920,2021-09-20,True,5371,5371
DOGE_20210921_Latest3177,2021-09-21,False,3177,8591
DOGE_20210922_Latest2921,2021-09-22,False,2921,9218
DOGE_20210923,2021-09-23,True,6739,6739
DOGE_20210924_Latest5973,2021-09-24,False,5973,6473
DOGE_20210925_Latest2694,2021-09-25,False,2694,4235
DOGE_20210926_Latest1154,2021-09-26,False,1154,4322
DOGE_20210927_Latest403,2021-09-27,False,403,3208
DOGE_20210928_Latest3457,2021-09-28,False,3457,4689
DOGE_20210929_Latest712,2021-09-29,False,712,4189
DOGE_20210930_Latest117,2021-09-30,False,117,2987
DOGE_20211001_Latest1014,2021-10-01,False,1014,4652
DOGE_20211002_Latest769,2021-10-02,False,769,4524
DOGE_20211003_Latest895,2021-10-03,False,895,4106
DOGE_20211004_Latest5614,2021-10-04,False,5614,8409
DOGE_20211005_Latest6569,2021-10-05,False,6569,8910
DOGE_20211006_Latest1020,2021-10-06,False,1020,8120
DOGE_20211007_Latest1758,2021-10-07,False,1758,6584
DOGE_20211008_Latest4944,2021-10-08,False,4944,6706
DOGE_20211009_Latest2615,2021-10-09,False,2615,5537
DOGE_20211010_Latest4521,2021-10-10,False,4521,5608
DOGE_20211011,2021-10-11,True,7100,7100
DOGE_20211012_Latest5384,2021-10-12,False,5384,6977
DOGE_20211013_Latest1038,2021-10-13,False,1038,6106
DOGE_20211014_Latest840,2021-10-14,False,840,4942
DOGE_20211015_Latest3550,2021-10-15,False,3550,6295
DOGE_20211016_Latest929,2021-10-16,False,929,4262
DOGE_20211017_Latest1603,2021-10-17,False,1603,7354
DOGE_20211018_Latest390,2021-10-18,False,390,4780
DOGE_20211019_Latest309,2021-10-19,False,309,3787
DOGE_20211020_Latest4135,2021-10-20,False,4135,7936
DOGE_20211021_Latest1827,2021-10-21,False,1827,4941
DOGE_20211022_Latest877,2021-10-22,False,877,6982
DOGE_20211023_Latest1085,2021-10-23,False,1085,6383
DOGE_20211024_Latest11524,2021-10-24,False,11524,15631
DOGE_20211025_Latest1284,2021-10-25,False,1284,7554
DOGE_20211026_Latest963,2021-10-26,False,963,7666
DOGE_20211027_Latest12400,2021-10-27,False,12400,19493
DOGE_20211028_Latest14419,2021-10-28,False,14419,21597
DOGE_20211029_Latest2950,2021-10-29,False,2950,11048
DOGE_20211030_Latest96,2021-10-30,False,96,2451
DOGE_20211031_Latest1099,2021-10-31,False,1099,8749
DOGE_20211101_Latest6694,2021-11-01,False,6694,11121
DOGE_20211102_Latest3780,2021-11-02,False,3780,10222
DOGE_20211103_Latest1854,2021-11-03,False,1854,8505
DOGE_20211104_Latest53,2021-11-04,False,53,1353
DOGE_20211105_Latest1439,2021-11-05,False,1439,8465
DOGE_20211106_Latest2906,2021-11-06,False,2906,7858
DOGE_20211107_Latest938,2021-11-07,False,938,7467
DOGE_20211108_Latest1262,2021-11-08,False,1262,7424
DOGE_20211109_Latest3401,2021-11-09,False,3401,9197
DOGE_20211110_Latest1016,2021-11-10,False,1016,5977
DOGE_20211111_Latest1685,2021-11-11,False,1685,6310
DOGE_20211112_Latest330,2021-11-12,False,330,4044
DOGE_20211113_Latest1805,2021-11-13,False,1805,5696
DOGE_20211114_Latest512,2021-11-14,False,512,4076
DOGE_20211115_Latest1620,2021-11-15,False,1620,6067
DOGE_20211116_Latest318,2021-11-16,False,318,3897
DOGE_20211117_Latest1902,2021-11-17,False,1902,6002
DOGE_20211118_Latest13,2021-11-18,False,13,332
DOGE_20211119_Latest301,2021-11-19,False,301,3689
DOGE_20211120_Latest6,2021-11-20,False,6,153
DOGE_20211121_Latest420,2021-11-21,False,420,3344
DOGE_20211122_Latest8,2021-11-22,False,8,204
DOGE_20211123_Latest471,2021-11-23,False,471,5772
DOGE_20211124_Latest764,2021-11-24,False,764,6082
DOGE_20211125_Latest568,2021-11-25,False,568,6961
DOGE_20211126_Latest745,2021-11-26,False,745,4383
DOGE_20211127_Latest50,2021-11-27,False,50,1277
DOGE_20211128_Latest3308,2021-11-28,False,3308,5866
DOGE_20211129_Latest108,2021-11-29,False,108,2758
DOGE_20211130_Latest1154,2021-11-30,False,1154,5294
DOGE_20211201_Latest260,2021-12-01,False,260,3186
DOGE_20211202_Latest1752,2021-12-02,False,1752,5529
DOGE_20211203_Latest3040,2021-12-03,False,3040,5391
DOGE_20211204_Latest316,2021-12-04,False,316,3873
DOGE_20211205_Latest677,2021-12-05,False,677,3983
DOGE_20211206_Latest268,2021-12-06,False,268,3285
DOGE_20211207_Latest227,2021-12-07,False,227,2782
DOGE_20211208_Latest161,2021-12-08,False,161,1973
DOGE_20211209_Latest142,2021-12-09,False,142,3626
DOGE_20211210_Latest106,2021-12-10,False,106,2707
DOGE_20211211_Latest157,2021-12-11,False,157,1924
DOGE_20211212_Latest111,2021-12-12,False,111,2834
DOGE_20211213_Latest259,2021-12-13,False,259,3174
DOGE_20211214_Latest171,2021-12-14,False,171,4366
DOGE_20211215_Latest192,2021-12-15,False,192,2353
DOGE_20211216_Latest230,2021-12-16,False,230,2819
DOGE_20211217_Latest190,2021-12-17,False,190,2329
DOGE_20211218_Latest77,2021-12-18,False,77,1966
DOGE_20211219_Latest280,2021-12-19,False,280,2229
DOGE_20211220_Latest597,2021-12-20,False,597,3512
DOGE_20211221_Latest579,2021-12-21,False,579,3406
DOGE_20211222_Latest162,2021-12-22,False,162,1985
DOGE_20211223_Latest848,2021-12-23,False,848,3176
DOGE_20211224_Latest417,2021-12-24,False,417,3320
DOGE_20211225_Latest942,2021-12-25,False,942,3528
DOGE_20211226_Latest93,2021-12-26,False,93,2375
DOGE_20211227_Latest16,2021-12-27,False,16,409
DOGE_20211228_Latest243,2021-12-28,False,243,2978
DOGE_20211229_Latest753,2021-12-29,False,753,3454
DOGE_20211230_Latest78,2021-12-30,False,78,1992
DOGE_20211231_Latest238,2021-12-31,False,238,2917
DOGE_20220101_Latest30,2022-01-01,False,30,766
DOGE_20220102_Latest514,2022-01-02,False,514,4092
DOGE_20220103_Latest38,2022-01-03,False,38,970
DOGE_20220104_Latest881,2022-01-04,False,881,5183
DOGE_20220105_Latest532,2022-01-05,False,532,6520
DOGE_20220106_Latest17,2022-01-06,False,17,434
DOGE_20220107_Latest426,2022-01-07,False,426,3391
DOGE_20220108_Latest358,2022-01-08,False,358,2850
DOGE_20220109_Latest325,2022-01-09,False,325,2587
DOGE_20220110_Latest1578,2022-01-10,False,1578,3751
DOGE_20220111_Latest670,2022-01-11,False,670,3941
DOGE_20220112_Latest611,2022-01-12,False,611,3594
DOGE_20220113_Latest427,2022-01-13,False,427,5233
DOGE_20220114_Latest36,2022-01-14,False,36,919
DOGE_20220115_Latest105,2022-01-15,False,105,2681
DOGE_20220116_Latest1563,2022-01-16,False,1563,4227
DOGE_20220117_Latest86,2022-01-17,False,86,2196
DOGE_20220118_Latest376,2022-01-18,False,376,2993
DOGE_20220119_Latest643,2022-01-19,False,643,3783
DOGE_20220120_Latest967,2022-01-20,False,967,4436
DOGE_20220121_Latest694,2022-01-21,False,694,4083
DOGE_20220122_Latest955,2022-01-22,False,955,4381
DOGE_20220123_Latest1078,2022-01-23,False,1078,4945
DOGE_20220124_Latest68,2022-01-24,False,68,1736
DOGE_20220125_Latest4167,2022-01-25,False,4167,7389
DOGE_20220126_Latest284,2022-01-26,False,284,3481
DOGE_20220127_Latest141,2022-01-27,False,141,3600
DOGE_20220128_Latest205,2022-01-28,False,205,2512
DOGE_20220129_Latest246,2022-01-29,False,246,3015
DOGE_20220130_Latest74,2022-01-30,False,74,1890
DOGE_20220131_Latest275,2022-01-31,False,275,3370
DOGE_20220201_Latest92,2022-02-01,False,92,2349
DOGE_20220202_Latest420,2022-02-02,False,420,3344
DOGE_20220203_Latest48,2022-02-03,False,48,1226
DOGE_20220204_Latest246,2022-02-04,False,246,3015
DOGE_20220205_Latest220,2022-02-05,False,220,2696
DOGE_20220206_Latest130,2022-02-06,False,130,3319
DOGE_20220207_Latest218,2022-02-07,False,218,2672
DOGE_20220208_Latest115,2022-02-08,False,115,2936
DOGE_20220209_Latest41,2022-02-09,False,41,1047
DOGE_20220210_Latest166,2022-02-10,False,166,4239
DOGE_20220211_Latest117,2022-02-11,False,117,2987
DOGE_20220212_Latest73,2022-02-12,False,73,1864
DOGE_20220213_Latest3190,2022-02-13,False,3190,6123
DOGE_20220214_Latest43,2022-02-14,False,43,1098
DOGE_20220215_Latest1115,2022-02-15,False,1115,3015
DOGE_20220216_Latest219,2022-02-16,False,219,2684
DOGE_20220217_Latest1351,2022-02-17,False,1351,3653
DOGE_20220218_Latest586,2022-02-18,False,586,2688
DOGE_20220219_Latest503,2022-02-19,False,503,2959
DOGE_20220220_Latest390,2022-02-20,False,390,2294
DOGE_20220221_Latest69,2022-02-21,False,69,1762
DOGE_20220222_Latest364,2022-02-22,False,364,2898
DOGE_20220223_Latest246,2022-02-23,False,246,3015
DOGE_20220224_Latest1465,2022-02-24,False,1465,2812
DOGE_20220225_Latest700,2022-02-25,False,700,2622
DOGE_20220226_Latest519,2022-02-26,False,519,3053
DOGE_20220227_Latest109,2022-02-27,False,109,2783
DOGE_20220228_Latest703,2022-02-28,False,703,3225
DOGE_20220301_Latest289,2022-03-01,False,289,2301
DOGE_20220302_Latest586,2022-03-02,False,586,3447
DOGE_20220303_Latest10,2022-03-03,False,10,255
DOGE_20220304_Latest388,2022-03-04,False,388,3089
DOGE_20220305_Latest57,2022-03-05,False,57,1455
DOGE_20220306_Latest172,2022-03-06,False,172,2108
DOGE_20220307_Latest157,2022-03-07,False,157,1924
DOGE_20220308_Latest275,2022-03-08,False,275,3370
DOGE_20220309_Latest372,2022-03-09,False,372,2188
DOGE_20220310_Latest78,2022-03-10,False,78,1992
DOGE_20220311_Latest433,2022-03-11,False,433,2547
DOGE_20220313_Latest215,2022-03-13,False,215,2635
DOGE_20220314_Latest225,2022-03-14,False,225,2758
DOGE_20220315_Latest338,2022-03-15,False,338,1988
DOGE_20220316_Latest318,2022-03-16,False,318,2532
DOGE_20220317_Latest284,2022-03-17,False,284,2261
DOGE_20220318_Latest200,2022-03-18,False,200,1592
DOGE_20220319_Latest533,2022-03-19,False,533,2445
DOGE_20220320_Latest374,2022-03-20,False,374,2200
DOGE_20220321_Latest378,2022-03-21,False,378,2224
DOGE_20220322_Latest17,2022-03-22,False,17,434
DOGE_20220323_Latest58,2022-03-23,False,58,1481
DOGE_20220324_Latest1659,2022-03-24,False,1659,3513
DOGE_20220325_Latest459,2022-03-25,False,459,2106
DOGE_20220326_Latest30,2022-03-26,False,30,766
DOGE_20220327_Latest708,2022-03-27,False,708,3248
DOGE_20220328_Latest91,2022-03-28,False,91,2324
DOGE_20220329_Latest435,2022-03-29,False,435,2559
DOGE_20220330_Latest347,2022-03-30,False,347,2762
DOGE_20220331_Latest666,2022-03-31,False,666,2494
DOGE_20220401_Latest12,2022-04-01,False,12,306
DOGE_20220402_Latest69,2022-04-02,False,69,1762
DOGE_20220403_Latest1575,2022-04-03,False,1575,3744
DOGE_20220404_Latest179,2022-04-04,False,179,4571
DOGE_20220405_Latest6471,2022-04-05,False,6471,10751
DOGE_20220406_Latest396,2022-04-06,False,396,3153
DOGE_20220407_Latest447,2022-04-07,False,447,3559
DOGE_20220408_Latest229,2022-04-08,False,229,2807
DOGE_20220409_Latest514,2022-04-09,False,514,3024
DOGE_20220410_Latest975,2022-04-10,False,975,4473
DOGE_20220411_Latest799,2022-04-11,False,799,3665
DOGE_20220412_Latest647,2022-04-12,False,647,3806
DOGE_20220413_Latest810,2022-04-13,False,810,3716
DOGE_20220414_Latest1321,2022-04-14,False,1321,6060
DOGE_20220415_Latest7,2022-04-15,False,7,179
DOGE_20220416_Latest855,2022-04-16,False,855,3202
DOGE_20220417_Latest1927,2022-04-17,False,1927,3417
DOGE_20220418_Latest3031,2022-04-18,False,3031,3760
DOGE_20220419_Latest1635,2022-04-19,False,1635,3462
DOGE_20220420_Latest2271,2022-04-20,False,2271,4027
DOGE_20220421_Latest539,2022-04-21,False,539,3171
DOGE_20220422,2022-04-22,True,3623,3623
DOGE_20220423_Latest1285,2022-04-23,False,1285,3055
DOGE_20220424_Latest1979,2022-04-24,False,1979,3288
DOGE_20220425_Latest10324,2022-04-25,False,10324,15464
DOGE_20220426,2022-04-26,True,9675,9675
DOGE_20220427_Latest1665,2022-04-27,False,1665,3958
DOGE_20220428_Latest2990,2022-04-28,False,2990,4479
DOGE_20220429_Latest3157,2022-04-29,False,3157,4729
DOGE_20220430_Latest772,2022-04-30,False,772,2891
DOGE_20220501_Latest778,2022-05-01,False,778,2914
DOGE_20220502_Latest386,2022-05-02,False,386,3073
DOGE_20220503_Latest489,2022-05-03,False,489,3893
DOGE_20220504_Latest2688,2022-05-04,False,2688,4767
DOGE_20220505_Latest387,2022-05-05,False,387,3081
DOGE_20220506_Latest1221,2022-05-06,False,1221,3853
DOGE_20220507_Latest1689,2022-05-07,False,1689,4015
DOGE_20220508_Latest1066,2022-05-08,False,1066,2883
DOGE_20220509_Latest2024,2022-05-09,False,2024,4811
DOGE_20220510_Latest1853,2022-05-10,False,1853,3557
DOGE_20220511_Latest1127,2022-05-11,False,1127,5170
DOGE_20220512_Latest4021,2022-05-12,False,4021,5738
DOGE_20220513,2022-05-13,True,5192,5192
DOGE_20220514,2022-05-14,True,4296,4296
DOGE_20220515_Latest2430,2022-05-15,False,2430,3468
DOGE_20240201_Latest8,2024-02-01,False,8,204
DOGE_20240202_Latest2356,2024-02-02,False,2356,13860
DOGE_20240203_Latest1894,2024-02-03,False,1894,3359
DOGE_20240204_Latest4,2024-02-04,False,4,102
DOGE_20240205_Latest230,2024-02-05,False,230,2819
DOGE_20240206_Latest6,2024-02-06,False,6,153
DOGE_20240207_Latest51,2024-02-07,False,51,1302
DOGE_20240208_Latest56,2024-02-08,False,56,1430
DOGE_20240209_Latest9,2024-02-09,False,9,230
DOGE_20240210_Latest120,2024-02-10,False,120,1471
DOGE_20240211_Latest9,2024-02-11,False,9,230
DOGE_20240212_Latest11,2024-02-12,False,11,281
DOGE_20240214_Latest21,2024-02-14,False,21,536
DOGE_20240215_Latest11,2024-02-15,False,11,281
DOGE_20240216_Latest12,2024-02-16,False,12,306
DOGE_20240217_Latest7,2024-02-17,False,7,179
DOGE_20240218_Latest100,2024-02-18,False,100,1226
DOGE_20240219_Latest649,2024-02-19,False,649,2431
DOGE_20240220_Latest1534,2024-02-20,False,1534,1812
DOGE_20240221_Latest79,2024-02-21,False,79,968
DOGE_20240222_Latest12,2024-02-22,False,12,306
DOGE_20240223_Latest28,2024-02-23,False,28,715
DOGE_20240224_Latest164,2024-02-24,False,164,965
DOGE_20240225_Latest801,2024-02-25,False,801,1259
DOGE_20240226_Latest781,2024-02-26,False,781,1857
DOGE_20240227,2024-02-27,True,2455,2455
DOGE_20240228_Latest2592,2024-02-28,False,2592,4306
DOGE_20240229,2024-02-29,True,3398,3398
DOGE_20240301,2024-03-01,True,2819,2819
DOGE_20240302_Latest2231,2024-03-02,False,2231,2318
DOGE_20240303,2024-03-03,True,2346,2346
DOGE_20240304_Latest694,2024-03-04,False,694,3184
DOGE_20240305_Latest1185,2024-03-05,False,1185,2817
DOGE_20240306_Latest17,2024-03-06,False,17,434
DOGE_20240307_Latest1,2024-03-07,False,1,26
DOGE_20240308_Latest83,2024-03-08,False,83,2119
DOGE_20240309_Latest124,2024-03-09,False,124,3166
DOGE_20240310_Latest267,2024-03-10,False,267,3272
DOGE_20240311_Latest88,2024-03-11,False,88,2247
DOGE_20240312_Latest119,2024-03-12,False,119,3039
DOGE_20240313_Latest1427,2024-03-13,False,1427,4503
DOGE_20240314_Latest1056,2024-03-14,False,1056,4844
DOGE_20240315_Latest18,2024-03-15,False,18,460
DOGE_20240316_Latest903,2024-03-16,False,903,2850
DOGE_20240317_Latest672,2024-03-17,False,672,3083
DOGE_20240318_Latest249,2024-03-18,False,249,1982
DOGE_20240319_Latest1036,2024-03-19,False,1036,2802
DOGE_20240320_Latest29,2024-03-20,False,29,740
DOGE_20240321_Latest18,2024-03-21,False,18,460
DOGE_20240322_Latest107,2024-03-22,False,107,1311
DOGE_20240323_Latest2884,2024-03-23,False,2884,4116
DOGE_20240324_Latest2481,2024-03-24,False,2481,3900
DOGE_20240325_Latest713,2024-03-25,False,713,3271
DOGE_20240326_Latest588,2024-03-26,False,588,2697
DOGE_20240327_Latest77,2024-03-27,False,77,1966
DOGE_20240328,2024-03-28,True,7827,7827
DOGE_20240329_Latest2400,2024-03-29,False,2400,3773
DOGE_20240330,2024-03-30,True,3288,3288
DOGE_20240331_Latest846,2024-03-31,False,846,3881
DOGE_20240401_Latest154,2024-04-01,False,154,1887
DOGE_20240402_Latest80,2024-04-02,False,80,2043
DOGE_20240403_Latest308,2024-04-03,False,308,2452
DOGE_20240404_Latest105,2024-04-04,False,105,2681
DOGE_20240405_Latest5,2024-04-05,False,5,128
DOGE_20240406_Latest22,2024-04-06,False,22,562
DOGE_20240407_Latest31,2024-04-07,False,31,792
DOGE_20240408_Latest30,2024-04-08,False,30,766
DOGE_20240409_Latest84,2024-04-09,False,84,2145
DOGE_20240410_Latest75,2024-04-10,False,75,1915
DOGE_20240411_Latest45,2024-04-11,False,45,1149
DOGE_20240412_Latest51,2024-04-12,False,51,1302
DOGE_20240413_Latest36,2024-04-13,False,36,919
DOGE_20240414_Latest39,2024-04-14,False,39,996
DOGE_20240416_Latest2151,2024-04-16,False,2151,2788
DOGE_20240417_Latest418,2024-04-17,False,418,2459
DOGE_20240418_Latest1227,2024-04-18,False,1227,2355
DOGE_20240419_Latest78,2024-04-19,False,78,1992
DOGE_20240420_Latest1564,2024-04-20,False,1564,3002
DOGE_20240421_Latest9,2024-04-21,False,9,230
DOGE_20240422_Latest1839,2024-04-22,False,1839,2281
DOGE_20240423_Latest119,2024-04-23,False,119,1458
DOGE_20240424_Latest589,2024-04-24,False,589,2702
DOGE_20240425,2024-04-25,True,2626,2626
DOGE_20240426_Latest153,2024-04-26,False,153,1875
DOGE_20240427_Latest111,2024-04-27,False,111,1360
DOGE_20240428_Latest1370,2024-04-28,False,1370,2276
DOGE_20240429_Latest14,2024-04-29,False,14,357
DOGE_20240430_Latest940,2024-04-30,False,940,2234
DOGE_20240501_Latest38,2024-05-01,False,38,970
DOGE_20240502_Latest531,2024-05-02,False,531,2436
DOGE_20240503_Latest213,2024-05-03,False,213,2610
DOGE_20240504_Latest386,2024-05-04,False,386,3073
DOGE_20240505_Latest112,2024-05-05,False,112,1373
DOGE_20240506_Latest590,2024-05-06,False,590,2210
DOGE_20240507_Latest490,2024-05-07,False,490,2248
DOGE_20240508_Latest497,2024-05-08,False,497,2280
DOGE_20240509_Latest110,2024-05-09,False,110,2809
DOGE_20240510_Latest7,2024-05-10,False,7,179
DOGE_20240511_Latest36,2024-05-11,False,36,919
DOGE_20240512_Latest123,2024-05-12,False,123,1507
DOGE_20240513_Latest646,2024-05-13,False,646,2963
DOGE_20240514_Latest3480,2024-05-14,False,3480,3616
DOGE_20240515_Latest441,2024-05-15,False,441,2594
DOGE_20240516_Latest3,2024-05-16,False,3,77
DOGE_20240517_Latest199,2024-05-17,False,199,1584
DOGE_20240518_Latest566,2024-05-18,False,566,1786
DOGE_20240519_Latest149,2024-05-19,False,149,1186
DOGE_20240520_Latest15,2024-05-20,False,15,383
DOGE_20240522_Latest31,2024-05-22,False,31,792
DOGE_20240524_Latest41,2024-05-24,False,41,1047
DOGE_20240525_Latest22,2024-05-25,False,22,562
DOGE_20240526_Latest21,2024-05-26,False,21,536
DOGE_20240527_Latest117,2024-05-27,False,117,1434
DOGE_20240528_Latest30,2024-05-28,False,30,766
DOGE_20240529_Latest168,2024-05-29,False,168,2059
DOGE_20240530_Latest202,2024-05-30,False,202,1608
DOGE_20240531_Latest133,2024-05-31,False,133,1630
DOGE_20240601_Latest1221,2024-06-01,False,1221,2585
DOGE_20240603_Latest234,2024-06-03,False,234,1863
DOGE_20240604_Latest3,2024-06-04,False,3,77
DOGE_20240605_Latest199,2024-06-05,False,199,1584
DOGE_20240606_Latest1,2024-06-06,False,1,26
DOGE_20240607_Latest76,2024-06-07,False,76,1941
DOGE_20240608_Latest338,2024-06-08,False,338,1988
DOGE_20240609_Latest270,2024-06-09,False,270,1588
DOGE_20240610_Latest907,2024-06-10,False,907,2862
DOGE_20240611_Latest1730,2024-06-11,False,1730,2874
DOGE_20240612,2024-06-12,True,2921,2921
DOGE_20240613_Latest125,2024-06-13,False,125,1532
DOGE_20240614_Latest519,2024-06-14,False,519,2381
DOGE_20240615_Latest845,2024-06-15,False,845,2009
DOGE_20240616_Latest161,2024-06-16,False,161,1282
DOGE_20240618_Latest59,2024-06-18,False,59,1506
DOGE_20240619_Latest2,2024-06-19,False,2,51
DOGE_20240620_Latest333,2024-06-20,False,333,1528
DOGE_20240621_Latest34,2024-06-21,False,34,868
DOGE_20240623_Latest197,2024-06-23,False,197,2414
DOGE_20240624_Latest1073,2024-06-24,False,1073,2272
DOGE_20240625_Latest172,2024-06-25,False,172,1369
DOGE_20240626_Latest12,2024-06-26,False,12,306
DOGE_20240627,2024-06-27,True,2263,2263
DOGE_20240628_Latest1280,2024-06-28,False,1280,2127
DOGE_20240629_Latest1268,2024-06-29,False,1268,1899
DOGE_20240630_Latest1287,2024-06-30,False,1287,1837
DOGE_20240701_Latest94,2024-07-01,False,94,1152
DOGE_20240702_Latest760,2024-07-02,False,760,1807
DOGE_20240703_Latest168,2024-07-03,False,168,2059
DOGE_20240704_Latest290,2024-07-04,False,290,1706
DOGE_20240705_Latest247,2024-07-05,False,247,1453
DOGE_20240706_Latest206,2024-07-06,False,206,1640
DOGE_20240707_Latest45,2024-07-07,False,45,1149
DOGE_20240708_Latest290,2024-07-08,False,290,1706
DOGE_20240709_Latest4,2024-07-09,False,4,102
DOGE_20240710_Latest149,2024-07-10,False,149,1826
DOGE_20240711_Latest433,2024-07-11,False,433,1986
DOGE_20240712_Latest100,2024-07-12,False,100,1226
DOGE_20240713_Latest3,2024-07-13,False,3,77
DOGE_20240714_Latest15,2024-07-14,False,15,383
DOGE_20240715_Latest9,2024-07-15,False,9,230
DOGE_20240716_Latest1165,2024-07-16,False,1165,2467
DOGE_20240717_Latest1888,2024-07-17,False,1888,2046
DOGE_20240718_Latest479,2024-07-18,False,479,1512
DOGE_20240719_Latest185,2024-07-19,False,185,1473
DOGE_20240720_Latest414,2024-07-20,False,414,1899
DOGE_20240721,2024-07-21,True,2744,2744
DOGE_20240722_Latest1152,2024-07-22,False,1152,2439
DOGE_20240723_Latest1236,2024-07-23,False,1236,2192
DOGE_20240724_Latest1167,2024-07-24,False,1167,1939
DOGE_20240725_Latest1116,2024-07-25,False,1116,1854
DOGE_20240726_Latest1356,2024-07-26,False,1356,2031
DOGE_20240727_Latest1406,2024-07-27,False,1406,2336
DOGE_20240728_Latest1114,2024-07-28,False,1114,2359
DOGE_20240729_Latest8,2024-07-29,False,8,204
DOGE_20240730_Latest745,2024-07-30,False,745,2015
DOGE_20240731_Latest1246,2024-07-31,False,1246,2209
DOGE_20240801_Latest12,2024-08-01,False,12,306
DOGE_20240802_Latest18,2024-08-02,False,18,460
DOGE_20240803_Latest37,2024-08-03,False,37,945
DOGE_20240804_Latest67,2024-08-04,False,67,1711
DOGE_20240805_Latest54,2024-08-05,False,54,1379
DOGE_20240806_Latest34,2024-08-06,False,34,868
DOGE_20240807_Latest15,2024-08-07,False,15,383
DOGE_20240808_Latest22,2024-08-08,False,22,562
DOGE_20240809_Latest28,2024-08-09,False,28,715
DOGE_20240810_Latest19,2024-08-10,False,19,485
DOGE_20240812_Latest18,2024-08-12,False,18,460
DOGE_20240814_Latest16,2024-08-14,False,16,409
DOGE_20240816_Latest816,2024-08-16,False,816,2207
DOGE_20240817_Latest105,2024-08-17,False,105,1287
DOGE_20240818_Latest512,2024-08-18,False,512,1917
DOGE_20240819_Latest725,2024-08-19,False,725,2715
DOGE_20240820_Latest419,2024-08-20,False,419,2465
DOGE_20240821_Latest19,2024-08-21,False,19,485
DOGE_20240822_Latest561,2024-08-22,False,561,2101
DOGE_20240823_Latest88,2024-08-23,False,88,2247
DOGE_20240824_Latest33,2024-08-24,False,33,843
DOGE_20240825_Latest39,2024-08-25,False,39,996
DOGE_20240826_Latest28,2024-08-26,False,28,715
DOGE_20240827_Latest223,2024-08-27,False,223,1775
DOGE_20240828_Latest635,2024-08-28,False,635,1717
DOGE_20240829_Latest284,2024-08-29,False,284,3481
DOGE_20240831_Latest91,2024-08-31,False,91,2324
DOGE_20240901_Latest189,2024-09-01,False,189,2316
DOGE_20240902_Latest26,2024-09-02,False,26,664
DOGE_20240903_Latest13,2024-09-03,False,13,332
DOGE_20240904_Latest57,2024-09-04,False,57,1455
DOGE_20240905_Latest308,2024-09-05,False,308,2452
DOGE_20240906_Latest29,2024-09-06,False,29,740
DOGE_20240907_Latest14,2024-09-07,False,14,357
DOGE_20240908_Latest8,2024-09-08,False,8,204
DOGE_20240909_Latest23,2024-09-09,False,23,587
DOGE_20240910_Latest28,2024-09-10,False,28,715
DOGE_20240912_Latest31,2024-09-12,False,31,792
DOGE_20240913_Latest8,2024-09-13,False,8,204
DOGE_20240914_Latest40,2024-09-14,False,40,1021
DOGE_20240916_Latest57,2024-09-16,False,57,1455
DOGE_20240918_Latest9,2024-09-18,False,9,230
DOGE_20240919_Latest135,2024-09-19,False,135,1655
DOGE_20240920_Latest120,2024-09-20,False,120,3064
DOGE_20240921_Latest73,2024-09-21,False,73,1864
DOGE_20240922_Latest25,2024-09-22,False,25,638
DOGE_20240923_Latest204,2024-09-23,False,204,2500
DOGE_20240925_Latest10,2024-09-25,False,10,255
DOGE_20240926_Latest20,2024-09-26,False,20,511
DOGE_20240927_Latest7,2024-09-27,False,7,179
DOGE_20240928_Latest15,2024-09-28,False,15,383
DOGE_20240929_Latest17,2024-09-29,False,17,434
DOGE_20240930_Latest80,2024-09-30,False,80,2043
DOGE_20241001_Latest3191,2024-10-01,False,3191,3458
DOGE_20241002_Latest1849,2024-10-02,False,1849,3279
DOGE_20241003_Latest55,2024-10-03,False,55,1404
DOGE_20241004_Latest48,2024-10-04,False,48,1226
DOGE_20241005_Latest138,2024-10-05,False,138,1691
DOGE_20241006_Latest70,2024-10-06,False,70,1787
DOGE_20241007_Latest200,2024-10-07,False,200,2451
DOGE_20241008_Latest638,2024-10-08,False,638,2927
DOGE_20241009_Latest154,2024-10-09,False,154,1887
DOGE_20241010_Latest518,2024-10-10,False,518,3047
DOGE_20241011_Latest12,2024-10-11,False,12,306
DOGE_20241012_Latest76,2024-10-12,False,76,1941
DOGE_20241013_Latest105,2024-10-13,False,105,2681
DOGE_20241014_Latest87,2024-10-14,False,87,2221
DOGE_20241015_Latest41,2024-10-15,False,41,1047
DOGE_20241016_Latest339,2024-10-16,False,339,4155
DOGE_20241017_Latest55,2024-10-17,False,55,1404
DOGE_20241019_Latest72,2024-10-19,False,72,1838
DOGE_20241020_Latest9,2024-10-20,False,9,230
DOGE_20241022_Latest59,2024-10-22,False,59,1506
DOGE_20241023_Latest58,2024-10-23,False,58,1481
DOGE_20241024_Latest78,2024-10-24,False,78,956
DOGE_20241025_Latest50,2024-10-25,False,50,1277
DOGE_20241026_Latest69,2024-10-26,False,69,1762
DOGE_20241027_Latest191,2024-10-27,False,191,4877
DOGE_20241028_Latest33,2024-10-28,False,33,843
DOGE_20241029_Latest76,2024-10-29,False,76,1941
DOGE_20241031_Latest17,2024-10-31,False,17,434
DOGE_20241101_Latest54,2024-11-01,False,54,1379
DOGE_20241102_Latest530,2024-11-02,False,530,4219
DOGE_20241103_Latest28,2024-11-03,False,28,715
DOGE_20241105_Latest142,2024-11-05,False,142,3626
DOGE_20241106,2024-11-06,True,8261,8261
DOGE_20241107,2024-11-07,True,6633,6633
DOGE_20241108,2024-11-08,True,5384,5384
DOGE_20241109,2024-11-09,True,6275,6275
DOGE_20241110,2024-11-10,True,7969,7969
DOGE_20241111,2024-11-11,True,9605,9605
DOGE_20241112,2024-11-12,True,12745,12745
DOGE_20241113,2024-11-13,True,14830,14830
DOGE_20241114,2024-11-14,True,10458,10458
DOGE_20241115,2024-11-15,True,15629,15629
DOGE_20241116,2024-11-16,True,6282,6282
DOGE_20241117_Latest650,2024-11-17,False,650,3824
DOGE_20241118,2024-11-18,True,10800,10800
DOGE_20241119_Latest1531,2024-11-19,False,1531,9007
DOGE_20241120_Latest622,2024-11-20,False,622,7623
DOGE_20241121_Latest336,2024-11-21,False,336,4118
DOGE_20241122_Latest337,2024-11-22,False,337,8605
DOGE_20241123_Latest170,2024-11-23,False,170,4341
DOGE_20241124_Latest31,2024-11-24,False,31,792
DOGE_20241125_Latest294,2024-11-25,False,294,7507
DOGE_20241126_Latest233,2024-11-26,False,233,5949
DOGE_20241128_Latest8,2024-11-28,False,8,204
DOGE_20241129_Latest17,2024-11-29,False,17,434
DOGE_20241130_Latest381,2024-11-30,False,381,4669
DOGE_20241201,2024-12-01,True,5681,5681
DOGE_20241202,2024-12-02,True,8864,8864
DOGE_20241203_Latest3643,2024-12-03,False,3643,7713
DOGE_20241204_Latest823,2024-12-04,False,823,6552
DOGE_20241205_Latest195,2024-12-05,False,195,4979
DOGE_20241206_Latest280,2024-12-06,False,280,7149
DOGE_20241207_Latest249,2024-12-07,False,249,6358
DOGE_20241208_Latest110,2024-12-08,False,110,2809
DOGE_20241209_Latest286,2024-12-09,False,286,7303
DOGE_20241210_Latest128,2024-12-10,False,128,3268
DOGE_20241211_Latest118,2024-12-11,False,118,3013
DOGE_20241212_Latest343,2024-12-12,False,343,4204
DOGE_20241213_Latest128,2024-12-13,False,128,3268
DOGE_20241214_Latest17,2024-12-14,False,17,434
DOGE_20241215_Latest641,2024-12-15,False,641,5103
DOGE_20241216_Latest55,2024-12-16,False,55,1404
DOGE_20241217_Latest359,2024-12-17,False,359,4400
DOGE_20241218_Latest519,2024-12-18,False,519,4132
DOGE_20241219_Latest183,2024-12-19,False,183,2243
DOGE_20241220_Latest65,2024-12-20,False,65,1660
DOGE_20241221_Latest453,2024-12-21,False,453,3606
DOGE_20241222_Latest626,2024-12-22,False,626,4984
DOGE_20241223_Latest329,2024-12-23,False,329,4032
DOGE_20241224_Latest679,2024-12-24,False,679,3994
DOGE_20241225_Latest635,2024-12-25,False,635,5055
DOGE_20241226_Latest472,2024-12-26,False,472,3758
DOGE_20241227_Latest195,2024-12-27,False,195,2390
DOGE_20241228_Latest345,2024-12-28,False,345,2747
DOGE_20241229_Latest1173,2024-12-29,False,1173,4393
DOGE_20241230,2024-12-30,True,5510,5510
DOGE_20241231,2024-12-31,True,6734,6734
DOGE_20250101,2025-01-01,True,6719,6719
DOGE_20250102,2025-01-02,True,7025,7025
DOGE_20250103,2025-01-03,True,8166,8166
DOGE_20250104,2025-01-04,True,8524,8524
DOGE_20250105_Latest6680,2025-01-05,False,6680,7239
DOGE_20250106,2025-01-06,True,7422,7422
DOGE_20250107,2025-01-07,True,6982,6982
DOGE_20250108,2025-01-08,True,6221,6221
DOGE_20250109,2025-01-09,True,6714,6714
DOGE_20250110_Latest2726,2025-01-10,False,2726,5772
DOGE_20250111,2025-01-11,True,6413,6413
DOGE_20250112,2025-01-12,True,7865,7865
DOGE_20250113,2025-01-13,True,6310,6310
DOGE_20250114,2025-01-14,True,7187,7187
DOGE_20250115_Latest1198,2025-01-15,False,1198,7048
DOGE_20250116,2025-01-16,True,5574,5574
DOGE_20250117,2025-01-17,True,7358,7358
DOGE_20250118,2025-01-18,True,7876,7876
DOGE_20250119,2025-01-19,True,8918,8918
DOGE_20250120,2025-01-20,True,7916,7916
DOGE_20250121,2025-01-21,True,11966,11966
DOGE_20250122,2025-01-22,True,8215,8215
DOGE_20250123_Latest1918,2025-01-23,False,1918,7183
DOGE_20250124,2025-01-24,True,6030,6030
DOGE_20250125_Latest5067,2025-01-25,False,5067,6566
DOGE_20250126,2025-01-26,True,5985,5985
DOGE_20250127,2025-01-27,True,5326,5326
DOGE_20250128_Latest2537,2025-01-28,False,2537,8006
DOGE_20250129_Latest29,2025-01-29,False,29,740
DOGE_20250130_Latest203,2025-01-30,False,203,5183
DOGE_20250131_Latest712,2025-01-31,False,712,5668
DOGE_20250201,2025-02-01,True,4736,4736
DOGE_20250202_Latest3271,2025-02-02,False,3271,4058
DOGE_20250203,2025-02-03,True,4439,4439
DOGE_20250204,2025-02-04,True,4284,4284
DOGE_20250205,2025-02-05,True,3969,3969
DOGE_20250206,2025-02-06,True,3909,3909
DOGE_20250207,2025-02-07,True,4219,4219
DOGE_20250208_Latest3190,2025-02-08,False,3190,3457
DOGE_20250209_Latest3623,2025-02-09,True,3623,3623
DOGE_20250210_Latest2597,2025-02-10,False,2597,3706
DOGE_20250211_Latest3274,2025-02-11,False,3274,4061
DOGE_20250212,2025-02-12,True,3721,3721
DOGE_20250213,2025-02-13,True,3606,3606
DOGE_20250214_Latest3289,2025-02-14,False,3289,4262
DOGE_20250215,2025-02-15,True,3112,3112
DOGE_20250216,2025-02-16,True,2731,2731
DOGE_20250217,2025-02-17,True,3127,3127
DOGE_20250218,2025-02-18,True,3409,3409
DOGE_20250219,2025-02-19,True,4425,4425
DOGE_20250220_Latest1921,2025-02-20,False,1907,3168
DOGE_20250221,2025-02-21,True,3440,3440
DOGE_20250222,2025-02-22,True,3228,3228
DOGE_20250223,2025-02-23,True,2828,2828
DOGE_20250224,2025-02-24,True,3494,3494
DOGE_20250225,2025-02-25,True,3626,3626
DOGE_20250226_Latest616,2025-02-26,False,616,2826
DOGE_20250227,2025-02-27,True,2906,2906
DOGE_20250228,2025-02-28,True,3354,3354
DOGE_20250301_Latest571,2025-03-01,False,571,2619
DOGE_20250302,2025-03-02,True,4269,4269
DOGE_20250303,2025-03-03,True,4534,4534
DOGE_20250304_Latest865,2025-03-04,False,865,3239
DOGE_20250305,2025-03-05,True,3410,3410
DOGE_20250306,2025-03-06,True,3657,3657
DOGE_20250307,2025-03-07,True,4270,4270
DOGE_20250308,2025-03-08,True,2833,2833
DOGE_20250309,2025-03-09,True,3469,3469
DOGE_20250310,2025-03-10,True,3133,3133
DOGE_20250311,2025-03-11,True,2976,2976
DOGE_20250312,2025-03-12,True,2938,2938
DOGE_20250313_Latest282_Top178,2025-03-13,False,460,460
DOGE_20250314,2025-03-14,False,1570,2784
DOGE_20250315,2025-03-15,True,3936,3936
DOGE_20250316,2025-03-16,True,2709,2709
DOGE_20250317,2025-03-17,True,3108,3108
DOGE_20250318_Lateat2478,2025-03-18,True,2478,2478
DOGE_20250319_Latest2002,2025-03-19,False,2002,2999
DOGE_20250320,2025-03-20,True,2846,2846
DOGE_20250321_Latest1518,2025-03-21,False,1518,2914
DOGE_20250322_Latest61,2025-03-22,False,61,1558
DOGE_20250323_Latest1601,2025-03-23,False,1601,3390
DOGE_20250324,2025-03-24,True,4260,4260
DOGE_20250325,2025-03-25,True,4608,4608
DOGE_20250326_Latest2775,2025-03-26,False,2775,4362
DOGE_20250327,2025-03-27,True,4548,4548
DOGE_20250328,2025-03-28,True,3097,3097
DOGE_20250329,2025-03-29,True,2763,2763
DOGE_20250330_Latest1162,2025-03-30,False,1162,2460
DOGE_20250331,2025-03-31,True,4047,4047
DOGE_20250401,2025-04-01,True,4415,4415
DOGE_20250402,2025-04-02,True,3644,3644
DOGE_20250403,2025-04-03,True,3561,3561
DOGE_20250404,2025-04-04,True,3856,3856
DOGE_20250405,2025-04-05,True,3379,3379
DOGE_20250406,2025-04-06,True,3303,3303
DOGE_20250407,2025-04-07,True,3650,3650
DOGE_20250408,2025-04-08,True,3873,3873
DOGE_20250409,2025-04-09,True,4154,4154
DOGE_20250410,2025-04-10,True,4350,4350
DOGE_20250411,2025-04-11,True,3921,3921
DOGE_20250412,2025-04-12,True,3286,3286
DOGE_20250413,2025-04-13,True,3180,3180
DOGE_20250414,2025-04-14,True,3912,3912
DOGE_20250415,2025-04-15,True,4360,4360
DOGE_20250416,2025-04-16,True,3256,3256
DOGE_20250417,2025-04-17,True,3058,3058
DOGE_20250418,2025-04-18,True,3258,3258
DOGE_20250419,2025-04-19,True,2870,2870
DOGE_20250420,2025-04-20,True,3682,3682
DOGE_20250421,2025-04-21,True,4379,4379
DOGE_20250422,2025-04-22,True,4298,4298
DOGE_20250423,2025-04-23,True,4635,4635
DOGE_20250424,2025-04-24,True,3613,3613
DOGE_20250425,2025-04-25,True,3701,3701
DOGE_20250426,2025-04-26,True,3180,3180
DOGE_20250427,2025-04-27,True,3251,3251
DOGE_20250428_Latest2455,2025-04-28,False,2455,3330
DOGE_20250429,2025-04-29,True,4481,4481
DOGE_20250430,2025-04-30,True,4072,4072
DOGE_20250501,2025-05-01,True,4301,4301
DOGE_20250502,2025-05-02,True,3598,3598
DOGE_20250503_Latest2260,2025-05-03,False,2260,3385
DOGE_20250504,2025-05-04,True,3770,3770
DOGE_20250505_Latest982,2025-05-05,False,982,4505
DOGE_20250506_Latest1208,2025-05-06,False,1208,3812
DOGE_20250507,2025-05-07,True,3933,3933
DOGE_20250508,2025-05-08,True,4316,4316
DOGE_20250509,2025-05-09,True,5117,5117
DOGE_20250510,2025-05-10,True,6344,6344
DOGE_20250511_Latest1418,2025-05-11,False,1418,5311
DOGE_20250512_Latest1430,2025-05-12,False,1430,4513
DOGE_20250513,2025-05-13,True,6451,6451
DOGE_20250514,2025-05-14,True,5483,5483
DOGE_20250515,2025-05-15,True,4605,4605
DOGE_20250516,2025-05-16,True,4272,4272
DOGE_20250517_Latest1008,2025-05-17,False,1008,3181
DOGE_20250518,2025-05-18,True,4446,4446
DOGE_20250519_Latest1168,2025-05-19,False,1168,4374
DOGE_20250520_Latest1443,2025-05-20,False,1443,3902
DOGE_20250521,2025-05-21,True,4538,4538
DOGE_20250522,2025-05-22,True,5332,5332
DOGE_20250523,2025-05-23,True,5132,5132
DOGE_20250524_Latest3294,2025-05-24,False,3294,3570
DOGE_20250525_Latest1151,2025-05-25,False,1151,4311
DOGE_20250526,2025-05-26,True,4905,4905
DOGE_20250527_Latest3675,2025-05-27,False,3675,4985
DOGE_20250528_Latest1941,2025-05-28,False,1941,4614
DOGE_20250529,2025-05-29,True,4130,4130
DOGE_20250530,2025-05-30,True,4193,4193
DOGE_20250531_Latest2325,2025-05-31,False,2325,3863
DOGE_20250601_Latest1749,2025-06-01,False,1749,3703
DOGE_20250602_Latest2214,2025-06-02,False,2214,4249
DOGE_20250603_Latest4881,2025-06-03,False,4881,5766
DOGE_20250604,2025-06-04,True,5879,5879
DOGE_20250605_Latest2483,2025-06-05,False,2483,6715
DOGE_20250606_Latest1705,2025-06-06,False,1705,4611
DOGE_20250607,2025-06-07,True,4644,4644
DOGE_20250608_Latest2211,2025-06-08,False,2211,4681
DOGE_20250609_Latest3907,2025-06-09,False,3907,5576
DOGE_20250610_Latest4134,2025-06-10,False,4134,5607
DOGE_20250611_Latest6,2025-06-11,False,6,153
DOGE_20250612_Latest700,2025-06-12,False,700,4118
DOGE_20250613_Latest2706,2025-06-13,False,2706,5194
DOGE_20250614_Latest1223,2025-06-14,False,1223,3860
DOGE_20250615_Latest3636,2025-06-15,False,3636,4712
DOGE_20250616_Latest4061,2025-06-16,False,4061,4591
DOGE_20250617_Latest733,2025-06-17,False,733,3363
DOGE_20250618_Latest1209,2025-06-18,False,1209,3815
DOGE_20250619_Latest614,2025-06-19,False,614,4888
DOGE_20250620_Latest2750,2025-06-20,False,2750,5278
DOGE_20250621_Latest372,2025-06-21,False,372,2962
DOGE_20250622_Latest676,2025-06-22,False,676,3101
DOGE_20250623_Latest1758,2025-06-23,False,1758,5548
DOGE_20250624_Latest3352,2025-06-24,False,3352,5944
DOGE_20250625_Latest1394,2025-06-25,False,1394,4399
DOGE_20250626_Latest2212,2025-06-26,False,2212,4684
DOGE_20250627_Latest884,2025-06-27,False,884,4055
DOGE_20250628_Latest779,2025-06-28,False,779,4583
DOGE_20250629_Latest949,2025-06-29,False,949,2995
DOGE_20250630_Latest2288,2025-06-30,False,2288,6187
DOGE_20250701_Latest1923,2025-07-01,False,1923,6069
DOGE_20250702_Latest1193,2025-07-02,False,1193,4468
DOGE_20250703_Latest743,2025-07-03,False,743,3408
DOGE_20250704_Latest270,2025-07-04,False,270,3309
DOGE_20250705_Latest484,2025-07-05,False,484,3853
DOGE_20250706_Latest1413,2025-07-06,False,1413,5292
DOGE_20250707_Latest324,2025-07-07,False,324,3971
DOGE_20250708_Latest613,2025-07-08,False,613,4880
DOGE_20250709_Latest4324,2025-07-09,False,4324,8299
DOGE_20250710_Latest181,2025-07-10,False,181,4622
DOGE_20250711_Latest260,2025-07-11,False,260,6639
DOGE_20250712_Latest1789,2025-07-12,False,1789,6700
DOGE_20250713_Latest3662,2025-07-13,False,3662,6494
DOGE_20250714_Latest5818,2025-07-14,False,5818,7540
DOGE_20250715_Latest5815,2025-07-15,False,5815,8299
DOGE_20250716,2025-07-16,True,7644,7644
DOGE_20250717,2025-07-17,True,7920,7920
DOGE_20250718_Latest6020,2025-07-18,False,6020,9464
DOGE_20250719,2025-07-19,True,8189,8189
DOGE_20250720_Latest8722,2025-07-20,False,8722,10820
DOGE_20250721_Latest8356,2025-07-21,False,8356,9446
DOGE_20250722_Latest3581,2025-07-22,False,3581,9684
DOGE_20250723_Latest4182,2025-07-23,False,4182,8855
