filename,date,isCompleteData,original_count,predicted_count,expansion_ratio
TRUMP_20250118,2025-01-18,False,74365,160367,2.1564827191139964
TRUMP_20250119,2025-01-19,False,725,20158,27.80392156862745
TRUMP_20250120,2025-01-20,False,530,13412,25.306122448979593
TRUMP_20250121,2025-01-21,False,18992,58634,3.0872771296500106
TRUMP_20250122,2025-01-22,False,4124,20856,5.057171514543631
TRUMP_20250123,2025-01-23,False,4417,28301,6.407279029462739
TRUMP_20250124,2025-01-24,False,13371,19115,1.4296144859813085
TRUMP_20250125,2025-01-25,False,2149,21757,10.124159569699687
TRUMP_20250126,2025-01-26,False,145,4032,27.80392156862745
TRUMP_20250128,2025-01-28,False,23,650,28.248741188318228
TRUMP_20250129,2025-01-29,False,7,129,18.468864468864467
TRUMP_20250130,2025-01-30,False,16,466,29.11023622047244
TRUMP_20250131,2025-01-31,False,316,10395,32.89650537634409
TRUMP_20250201,2025-02-01,False,7363,11433,1.552798020074247
TRUMP_20250202,2025-02-02,False,2338,7069,3.023454157782517
TRUMP_20250203,2025-02-03,False,1317,11617,8.821138211382113
TRUMP_20250204,2025-02-04,False,4366,7046,1.613795880796226
TRUMP_20250205,2025-02-05,False,2444,5168,2.114489410777941
TRUMP_20250206,2025-02-06,False,1089,5451,5.0054156512320604
TRUMP_20250207,2025-02-07,True,5974,5974,1
TRUMP_20250208,2025-02-08,False,3677,4839,1.3161053490269197
TRUMP_20250209,2025-02-09,False,2727,3351,1.2287694974003467
TRUMP_20250210,2025-02-10,False,756,3596,4.756164383561643
TRUMP_20250211,2025-02-11,False,78,2203,28.248741188318228
TRUMP_20250212,2025-02-12,False,58,1071,18.468864468864467
TRUMP_20250213,2025-02-13,False,942,3819,4.053728070175438
TRUMP_20250214,2025-02-14,False,1776,9037,5.088357588357589
TRUMP_20250215,2025-02-15,True,6159,6159,1
TRUMP_20250216,2025-02-16,False,1515,4581,3.023454157782517
TRUMP_20250217,2025-02-17,False,5278,7084,1.342198855729086
TRUMP_20250218,2025-02-18,True,6235,6235,1
TRUMP_20250219,2025-02-19,False,1244,3941,3.1680804272698717
TRUMP_20250220,2025-02-20,False,1276,5173,4.053728070175438
TRUMP_20250221,2025-02-21,False,101,3323,32.89650537634409
TRUMP_20250222,2025-02-22,False,653,3036,4.6494442157266365
TRUMP_20250223,2025-02-23,False,965,1714,1.776385844033824
TRUMP_20250224,2025-02-24,False,2810,3630,1.2916666666666665
TRUMP_20250225,2025-02-25,False,3857,4124,1.0691797530111298
TRUMP_20250226,2025-02-26,False,1688,3569,2.114489410777941
TRUMP_20250227,2025-02-27,True,5040,5040,1
TRUMP_20250228,2025-02-28,False,584,5294,9.064814814814815
TRUMP_20250301,2025-03-01,True,5104,5104,1
TRUMP_20250302,2025-03-02,False,464,5848,12.604444444444445
TRUMP_20250303,2025-03-03,True,6685,6685,1
TRUMP_20250304,2025-03-04,True,5472,5472,1
TRUMP_20250305,2025-03-05,False,2756,3577,1.297979147895482
TRUMP_20250306,2025-03-06,False,1526,4284,2.807563791008506
TRUMP_20250307,2025-03-07,False,3835,4381,1.1423570595099182
TRUMP_20250308,2025-03-08,False,1994,3096,1.552798020074247
TRUMP_20250309,2025-03-09,False,1754,2239,1.276614899842449
TRUMP_20250310,2025-03-10,False,2622,2855,1.0886742756804213
TRUMP_20250311,2025-03-11,False,714,2204,3.0872771296500106
TRUMP_20250312,2025-03-12,False,129,1364,10.570230607966456
TRUMP_20250313,2025-03-13,False,574,2327,4.053728070175438
TRUMP_20250314,2025-03-14,False,1676,2875,1.7153770675637792
TRUMP_20250315,2025-03-15,True,2147,2147,1
TRUMP_20250316,2025-03-16,False,1711,1841,1.0760766457977613
TRUMP_20250317,2025-03-17,True,1995,1995,1
TRUMP_20250318,2025-03-18,False,1165,1880,1.613795880796226
TRUMP_20250319,2025-03-19,False,1908,2020,1.0585765273986985
TRUMP_20250320,2025-03-20,False,1011,1959,1.9372249004401592
TRUMP_20250321,2025-03-21,False,1067,1713,1.6053391053391055
TRUMP_20250322,2025-03-22,False,425,1620,3.8127954085077653
TRUMP_20250323,2025-03-23,True,3415,3415,1
TRUMP_20250324,2025-03-24,False,283,2496,8.821138211382113
TRUMP_20250325,2025-03-25,True,3035,3035,1
TRUMP_20250327,2025-03-27,False,1,29,29.11023622047244
TRUMP_20250328,2025-03-28,False,141,1278,9.064814814814817
TRUMP_20250329,2025-03-29,False,7,215,30.688858695652176
TRUMP_20250330,2025-03-30,False,698,920,1.3184565318456534
TRUMP_20250331,2025-03-31,False,994,1465,1.474184782608696
TRUMP_20250401,2025-04-01,False,65,900,13.852345679012345
TRUMP_20250402,2025-04-02,True,1700,1700,1
TRUMP_20250403,2025-04-03,False,1814,2109,1.1624323984404477
TRUMP_20250404,2025-04-04,True,1680,1680,1
TRUMP_20250405,2025-04-05,True,2057,2057,1
TRUMP_20250406,2025-04-06,False,24,667,27.803921568627448
TRUMP_20250407,2025-04-07,False,10,253,25.306122448979593
TRUMP_20250408,2025-04-08,False,1297,1499,1.155503377821717
TRUMP_20250409,2025-04-09,True,2911,2911,1
TRUMP_20250410,2025-04-10,True,3056,3056,1
TRUMP_20250411,2025-04-11,False,1,33,32.89650537634409
TRUMP_20250412,2025-04-12,False,3,92,30.688858695652176
TRUMP_20250413,2025-04-13,False,136,1714,12.604444444444443
TRUMP_20250414,2025-04-14,False,1602,2484,1.550276835149134
TRUMP_20250415,2025-04-15,False,14,395,28.248741188318228
TRUMP_20250416,2025-04-16,True,2544,2544,1
TRUMP_20250417,2025-04-17,True,2509,2509,1
TRUMP_20250418,2025-04-18,False,86,2829,32.89650537634409
TRUMP_20250419,2025-04-19,True,2932,2932,1
TRUMP_20250420,2025-04-20,False,68,857,12.604444444444443
TRUMP_20250421,2025-04-21,False,19,481,25.306122448979593
TRUMP_20250422,2025-04-22,False,58,1638,28.248741188318228
TRUMP_20250423,2025-04-23,False,6031,12752,2.114489410777941
TRUMP_20250424,2025-04-24,False,201,2830,14.078446306169079
TRUMP_20250425,2025-04-25,True,3767,3767,1
TRUMP_20250426,2025-04-26,False,1652,3563,2.1564827191139964
TRUMP_20250427,2025-04-27,False,392,1520,3.8769651401230356
TRUMP_20250428,2025-04-28,False,1446,3167,2.1902599041130455
TRUMP_20250429,2025-04-29,False,1211,3184,2.6294525684289463
TRUMP_20250430,2025-04-30,False,1408,2149,1.5260290556900726
TRUMP_20250501,2025-05-01,True,2151,2151,1
TRUMP_20250502,2025-05-02,False,1245,2136,1.7153770675637794
TRUMP_20250503,2025-05-03,False,1001,2402,2.39980875478113
TRUMP_20250504,2025-05-04,True,2257,2257,1
TRUMP_20250505,2025-05-05,False,685,2620,3.8254737769942704
TRUMP_20250506,2025-05-06,True,3000,3000,1
TRUMP_20250507,2025-05-07,True,2929,2929,1
TRUMP_20250508,2025-05-08,True,3193,3193,1
TRUMP_20250509,2025-05-09,True,3347,3347,1
TRUMP_20250510,2025-05-10,True,2499,2499,1
TRUMP_20250511,2025-05-11,False,917,2773,3.0234541577825165
TRUMP_20250512,2025-05-12,False,1544,4958,3.2112467628560855
TRUMP_20250513,2025-05-13,False,850,2624,3.0872771296500106
TRUMP_20250514,2025-05-14,False,655,1749,2.6705508474576276
TRUMP_20250515,2025-05-15,False,545,1814,3.328231904933381
TRUMP_20250516,2025-05-16,False,1506,2807,1.8641937695178614
TRUMP_20250517,2025-05-17,False,625,2383,3.8127954085077653
TRUMP_20250518,2025-05-18,False,21,584,27.80392156862745
TRUMP_20250519,2025-05-19,False,483,1848,3.82547377699427
TRUMP_20250520,2025-05-20,True,3511,3511,1
TRUMP_20250521,2025-05-21,False,440,2225,5.057171514543631
TRUMP_20250522,2025-05-22,False,1750,5824,3.328231904933381
TRUMP_20250523,2025-05-23,True,4999,4999,1
TRUMP_20250524,2025-05-24,False,561,2608,4.649444215726636
TRUMP_20250525,2025-05-25,False,515,1557,3.0234541577825165
TRUMP_20250526,2025-05-26,False,2502,2967,1.1859543653504576
TRUMP_20250527,2025-05-27,True,2714,2714,1
TRUMP_20250528,2025-05-28,False,1288,2449,1.9012066365007538
TRUMP_20250529,2025-05-29,True,2536,2536,1
TRUMP_20250530,2025-05-30,False,601,1802,2.999019727974513
TRUMP_20250531,2025-05-31,True,1689,1689,1
TRUMP_20250601,2025-06-01,False,37,1029,27.80392156862745
TRUMP_20250602,2025-06-02,False,177,1561,8.821138211382113
TRUMP_20250603,2025-06-03,True,4084,4084,1
TRUMP_20250604,2025-06-04,False,2560,3323,1.297979147895482
TRUMP_20250605,2025-06-05,False,2164,7202,3.328231904933381
TRUMP_20250606,2025-06-06,True,4708,4708,1
TRUMP_20250607,2025-06-07,False,95,1442,15.179435483870968
TRUMP_20250608,2025-06-08,False,645,1519,2.3554817275747513
TRUMP_20250609,2025-06-09,False,2228,3284,1.4741847826086958
TRUMP_20250610,2025-06-10,False,273,2410,8.826620516047827
TRUMP_20250611,2025-06-11,False,21,388,18.468864468864467
TRUMP_20250612,2025-06-12,False,424,3781,8.91702846116739
TRUMP_20250613,2025-06-13,False,22,724,32.89650537634409
TRUMP_20250614,2025-06-14,False,73,2240,30.688858695652172
TRUMP_20250615,2025-06-15,False,78,2169,27.803921568627448
TRUMP_20250616,2025-06-16,False,289,1375,4.756164383561643
TRUMP_20250617,2025-06-17,False,44,1243,28.248741188318228
TRUMP_20250618,2025-06-18,False,119,801,6.727151434289527
TRUMP_20250619,2025-06-19,False,91,1281,14.078446306169079
TRUMP_20250620,2025-06-20,False,1,33,32.89650537634409
TRUMP_20250621,2025-06-21,False,207,1590,7.680040802448146
TRUMP_20250622,2025-06-22,False,18,500,27.80392156862745
TRUMP_20250623,2025-06-23,False,848,2723,3.211246762856086
TRUMP_20250624,2025-06-24,False,99,2797,28.248741188318228
TRUMP_20250625,2025-06-25,False,16,296,18.468864468864467
TRUMP_20250626,2025-06-26,False,191,1703,8.91702846116739
TRUMP_20250627,2025-06-27,False,12,395,32.89650537634409
TRUMP_20250628,2025-06-28,False,32,982,30.688858695652176
TRUMP_20250629,2025-06-29,False,201,2533,12.604444444444445
TRUMP_20250630,2025-06-30,False,57,1442,25.306122448979593
TRUMP_20250701,2025-07-01,False,452,1395,3.0872771296500106
TRUMP_20250702,2025-07-02,False,450,1814,4.031987205117953
TRUMP_20250703,2025-07-03,False,1,29,29.11023622047244
TRUMP_20250704,2025-07-04,False,20,658,32.89650537634409
TRUMP_20250705,2025-07-05,False,767,1500,1.9550766034796154
TRUMP_20250706,2025-07-06,False,47,1307,27.80392156862745
TRUMP_20250707,2025-07-07,False,5,127,25.306122448979593
TRUMP_20250708,2025-07-08,False,31,876,28.248741188318228
TRUMP_20250709,2025-07-09,False,19,351,18.468864468864467
TRUMP_20250710,2025-07-10,False,39,1135,29.11023622047244
TRUMP_20250711,2025-07-11,False,4,132,32.89650537634409
TRUMP_20250712,2025-07-12,False,155,1569,10.124159569699687
TRUMP_20250713,2025-07-13,False,141,1093,7.748633879781421
TRUMP_20250714,2025-07-14,False,195,1720,8.821138211382113
TRUMP_20250715,2025-07-15,False,434,2071,4.772201429057502
TRUMP_20250716,2025-07-16,False,125,1321,10.570230607966458
TRUMP_20250717,2025-07-17,False,284,1820,6.407279029462738
TRUMP_20250718,2025-07-18,False,9,296,32.89650537634409
TRUMP_20250719,2025-07-19,False,294,1757,5.976978036517598
TRUMP_20250720,2025-07-20,False,24,667,27.803921568627448
TRUMP_20250721,2025-07-21,False,25,633,25.306122448979593
TRUMP_20250722,2025-07-22,False,16,452,28.248741188318228
TRUMP_20250723,2025-07-23,False,35,646,18.468864468864467
TRUMP_20250724,2025-07-24,False,338,1692,5.0054156512320604
TRUMP_20250725,2025-07-25,False,210,1355,6.454377637130802
TRUMP_20250726,2025-07-26,False,256,1530,5.976978036517598
TRUMP_20250727,2025-07-27,False,28,779,27.80392156862745
TRUMP_20250728,2025-07-28,False,143,900,6.2944162436548226
TRUMP_20250729,2025-07-29,False,1,28,28.248741188318228
TRUMP_20250730,2025-07-30,False,2,37,18.468864468864467
TRUMP_20250731,2025-07-31,False,373,1512,4.053728070175438
TRUMP_20250801_Latest66,2025-08-01,False,66,2171,32.89650537634409
TRUMP_20250802_Latest77,2025-08-02,False,77,1169,15.179435483870966
TRUMP_20250803_Latest96,2025-08-03,False,96,1210,12.604444444444445
TRUMP_20250804_Latest14,2025-08-04,False,14,354,25.306122448979597
TRUMP_20250805_Latest1,2025-08-05,False,1,28,28.248741188318228
TRUMP_20250806_Latest22,2025-08-06,False,22,406,18.468864468864467
TRUMP_20250807_Latest35,2025-08-07,False,35,1019,29.110236220472437
TRUMP_20250808_Latest166,2025-08-08,False,166,1505,9.064814814814815
TRUMP_20250809_Latest98,2025-08-09,False,98,1488,15.179435483870968
TRUMP_20250810_Latest4,2025-08-10,False,4,111,27.80392156862745
TRUMP_20250811_Latest1,2025-08-11,False,1,25,25.306122448979593
TRUMP_20250812_Latest80,2025-08-12,False,80,1108,13.852345679012345
TRUMP_20250813_Latest276,2025-08-13,False,276,1396,5.057171514543631
TRUMP_20250814_Latest287,2025-08-14,False,287,1839,6.407279029462738
TRUMP_20250815_Latest312,2025-08-15,False,312,2014,6.454377637130803
TRUMP_20250816_Latest308,2025-08-16,False,308,1841,5.976978036517597
TRUMP_20250817_Latest95,2025-08-17,False,95,1197,12.604444444444445
TRUMP_20250818_Latest54,2025-08-18,False,54,709,13.131618759455371
TRUMP_20250819_Latest362,2025-08-19,False,362,1728,4.772201429057502
TRUMP_20250820_Latest57,2025-08-20,False,57,603,10.570230607966456
TRUMP_20250821_Latest191,2025-08-21,False,191,1703,8.91702846116739
TRUMP_20250822_Latest176,2025-08-22,False,176,1595,9.064814814814817
TRUMP_20250823_Latest536,2025-08-23,False,536,2044,3.8127954085077653
TRUMP_20250824_Latest155,2025-08-24,False,155,1201,7.748633879781421
TRUMP_20250825_Latest518,2025-08-25,False,518,1982,3.82547377699427
TRUMP_20250826_Latest38,2025-08-26,False,38,1073,28.248741188318228
TRUMP_20250827_Latest431,2025-08-27,False,431,2180,5.057171514543632
TRUMP_20250828_Latest138,2025-08-28,False,138,1943,14.078446306169079
TRUMP_20250829_Latest122,2025-08-29,False,122,1789,14.664469742360696
TRUMP_20250830_Latest306,2025-08-30,False,306,2350,7.680040802448147
TRUMP_20250831_Latest88,2025-08-31,False,88,1109,12.604444444444443
