date,tweet_count,weekday_name,weekday_num
2013-12-15,286,Sunday,6
2013-12-16,542,Monday,0
2013-12-17,563,Tuesday,1
2013-12-18,737,Wednesday,2
2013-12-19,1069,Thursday,3
2013-12-20,906,Friday,4
2013-12-21,670,Saturday,5
2013-12-22,782,Sunday,6
2013-12-23,915,Monday,0
2013-12-24,523,Tuesday,1
2013-12-25,465,Wednesday,2
2013-12-26,2167,Thursday,3
2013-12-27,997,Friday,4
2013-12-28,549,Saturday,5
2013-12-29,707,Sunday,6
2013-12-30,537,Monday,0
2013-12-31,431,Tuesday,1
2014-01-01,370,Wednesday,2
2014-01-02,589,Thursday,3
2014-01-03,552,Friday,4
2014-01-04,364,Saturday,5
2014-01-05,347,Sunday,6
2014-01-06,380,Monday,0
2014-01-07,351,Tuesday,1
2014-01-08,347,Wednesday,2
2014-01-09,413,Thursday,3
2014-01-10,395,Friday,4
2014-01-11,411,Saturday,5
2014-01-12,321,Sunday,6
2014-01-13,331,Monday,0
2014-01-14,653,Tuesday,1
2014-01-15,692,Wednesday,2
2014-01-16,450,Thursday,3
2014-01-17,678,Friday,4
2014-01-18,624,Saturday,5
2014-01-19,704,Sunday,6
2014-01-20,2601,Monday,0
2014-01-21,1820,Tuesday,1
2014-01-22,1123,Wednesday,2
2014-01-23,938,Thursday,3
2014-01-24,1071,Friday,4
2014-01-25,571,Saturday,5
2014-01-26,161,Sunday,6
2014-01-27,46,Monday,0
2014-01-28,240,Tuesday,1
2014-01-29,105,Wednesday,2
2014-01-30,34,Thursday,3
2014-01-31,63,Friday,4
2014-02-01,1502,Saturday,5
2014-02-02,946,Sunday,6
2014-02-03,881,Monday,0
2014-02-04,1722,Tuesday,1
2014-02-05,2097,Wednesday,2
2014-02-06,2064,Thursday,3
2014-02-07,2219,Friday,4
2014-02-08,1746,Saturday,5
2014-02-09,1707,Sunday,6
2014-02-10,1363,Monday,0
2014-02-11,277,Tuesday,1
2014-02-12,193,Wednesday,2
2014-02-13,110,Thursday,3
2014-02-14,268,Friday,4
2014-02-15,1836,Saturday,5
2014-02-17,2267,Monday,0
2014-02-18,1977,Tuesday,1
2014-02-19,1874,Wednesday,2
2014-02-20,1564,Thursday,3
2014-02-21,1742,Friday,4
2014-02-22,1225,Saturday,5
2014-02-23,1515,Sunday,6
2014-02-24,1623,Monday,0
2014-02-25,1867,Tuesday,1
2014-02-26,1880,Wednesday,2
2014-02-27,1674,Thursday,3
2014-02-28,1393,Friday,4
2014-03-01,1760,Saturday,5
2014-03-02,1259,Sunday,6
2014-03-03,1417,Monday,0
2014-03-04,1490,Tuesday,1
2014-03-05,1378,Wednesday,2
2014-03-06,1184,Thursday,3
2014-03-07,1288,Friday,4
2014-03-08,1070,Saturday,5
2014-03-09,1089,Sunday,6
2014-03-10,1407,Monday,0
2014-03-11,1413,Tuesday,1
2014-03-12,1381,Wednesday,2
2014-03-13,1272,Thursday,3
2014-03-14,1192,Friday,4
2014-03-15,1019,Saturday,5
2014-03-16,1378,Sunday,6
2014-03-17,1416,Monday,0
2014-03-18,1447,Tuesday,1
2014-03-19,1499,Wednesday,2
2014-03-20,1490,Thursday,3
2014-03-21,1160,Friday,4
2014-03-22,1221,Saturday,5
2014-03-23,562,Sunday,6
2014-03-24,1260,Monday,0
2014-03-25,1786,Tuesday,1
2014-03-26,2535,Wednesday,2
2014-03-27,2293,Thursday,3
2014-03-28,1629,Friday,4
2014-03-29,1301,Saturday,5
2014-03-30,1308,Sunday,6
2014-03-31,1564,Monday,0
2014-04-01,1548,Tuesday,1
2014-04-02,1318,Wednesday,2
2014-04-03,1804,Thursday,3
2014-04-04,1565,Friday,4
2014-04-05,1299,Saturday,5
2014-04-06,1218,Sunday,6
2014-04-07,1803,Monday,0
2014-04-08,1931,Tuesday,1
2014-04-09,1994,Wednesday,2
2014-04-10,1666,Thursday,3
2014-04-11,1484,Friday,4
2014-04-12,1138,Saturday,5
2014-04-13,1155,Sunday,6
2014-04-14,1320,Monday,0
2014-04-15,1865,Tuesday,1
2014-04-16,2830,Wednesday,2
2014-04-17,1766,Thursday,3
2014-04-18,1683,Friday,4
2014-04-19,1197,Saturday,5
2014-04-20,18,Sunday,6
2014-04-21,2389,Monday,0
2014-04-22,1142,Tuesday,1
2014-04-23,2176,Wednesday,2
2014-04-25,858,Friday,4
2014-04-26,339,Saturday,5
2014-04-27,78,Sunday,6
2014-04-28,921,Monday,0
2014-04-29,349,Tuesday,1
2014-04-30,306,Wednesday,2
2014-05-01,2514,Thursday,3
2014-05-02,2428,Friday,4
2014-05-03,51,Saturday,5
2014-05-04,917,Sunday,6
2014-05-05,513,Monday,0
2014-05-06,929,Tuesday,1
2014-05-07,55,Wednesday,2
2014-05-08,162,Thursday,3
2014-05-09,1307,Friday,4
2014-05-10,1524,Saturday,5
2014-05-11,1455,Sunday,6
2014-05-12,2953,Monday,0
2014-05-13,3522,Tuesday,1
2014-05-14,3166,Wednesday,2
2014-05-15,1800,Thursday,3
2014-05-16,37,Friday,4
2014-05-17,3603,Saturday,5
2014-05-18,2283,Sunday,6
2014-05-19,2422,Monday,0
2014-05-20,2884,Tuesday,1
2014-05-21,2682,Wednesday,2
2014-05-22,2571,Thursday,3
2014-05-23,2451,Friday,4
2014-05-24,1921,Saturday,5
2014-05-25,1514,Sunday,6
2014-05-26,1536,Monday,0
2014-05-27,3031,Tuesday,1
2014-05-28,2199,Wednesday,2
2014-05-29,2079,Thursday,3
2014-05-30,1904,Friday,4
2014-05-31,1417,Saturday,5
2014-07-01,1862,Tuesday,1
2014-07-02,438,Wednesday,2
2014-07-03,1399,Thursday,3
2014-07-04,1178,Friday,4
2014-07-05,918,Saturday,5
2014-07-06,854,Sunday,6
2014-07-07,1849,Monday,0
2014-07-08,1678,Tuesday,1
2014-07-09,1739,Wednesday,2
2014-07-10,1459,Thursday,3
2014-07-11,1513,Friday,4
2014-07-12,939,Saturday,5
2014-07-13,752,Sunday,6
2014-07-14,1548,Monday,0
2014-07-15,1774,Tuesday,1
2014-07-16,1613,Wednesday,2
2014-07-17,1550,Thursday,3
2014-07-18,1482,Friday,4
2014-07-19,883,Saturday,5
2014-07-20,881,Sunday,6
2014-07-21,1442,Monday,0
2014-07-22,1104,Tuesday,1
2014-07-23,1570,Wednesday,2
2014-07-24,1530,Thursday,3
2014-07-25,1712,Friday,4
2014-07-26,835,Saturday,5
2014-07-27,583,Sunday,6
2014-07-28,1444,Monday,0
2014-07-29,1124,Tuesday,1
2014-07-30,1498,Wednesday,2
2014-07-31,1309,Thursday,3
2014-08-01,1144,Friday,4
2014-08-02,768,Saturday,5
2014-08-03,897,Sunday,6
2014-08-04,1565,Monday,0
2014-08-05,1367,Tuesday,1
2014-08-06,1454,Wednesday,2
2014-08-07,1477,Thursday,3
2014-08-08,1406,Friday,4
2014-08-09,789,Saturday,5
2014-08-10,834,Sunday,6
2014-08-11,1497,Monday,0
2014-08-12,1497,Tuesday,1
2014-08-13,1508,Wednesday,2
2014-08-14,1816,Thursday,3
2014-08-15,1556,Friday,4
2014-08-16,807,Saturday,5
2014-08-17,690,Sunday,6
2014-08-18,1415,Monday,0
2014-08-19,1693,Tuesday,1
2014-08-20,1688,Wednesday,2
2014-08-21,1630,Thursday,3
2014-08-22,1591,Friday,4
2014-08-23,721,Saturday,5
2014-08-24,848,Sunday,6
2014-08-25,1623,Monday,0
2014-08-26,1782,Tuesday,1
2014-08-27,724,Wednesday,2
2014-08-28,646,Thursday,3
2014-08-29,497,Friday,4
2014-08-30,464,Saturday,5
2014-08-31,588,Sunday,6
2014-09-01,623,Monday,0
2014-09-02,499,Tuesday,1
2014-09-03,1028,Wednesday,2
2014-09-04,2141,Thursday,3
2014-09-05,1838,Friday,4
2014-09-06,1219,Saturday,5
2014-09-07,912,Sunday,6
2014-09-08,1597,Monday,0
2014-09-09,1690,Tuesday,1
2014-09-10,1686,Wednesday,2
2014-09-11,1864,Thursday,3
2014-09-12,1787,Friday,4
2014-09-13,1106,Saturday,5
2014-09-14,1484,Sunday,6
2014-09-15,1849,Monday,0
2014-09-16,1645,Tuesday,1
2014-09-17,1796,Wednesday,2
2014-09-18,1934,Thursday,3
2014-09-19,1686,Friday,4
2014-09-20,927,Saturday,5
2014-09-21,908,Sunday,6
2014-09-22,1662,Monday,0
2014-09-23,1789,Tuesday,1
2014-09-24,251,Wednesday,2
2014-09-25,1858,Thursday,3
2014-09-26,2149,Friday,4
2014-09-27,1001,Saturday,5
2014-09-28,1016,Sunday,6
2014-09-29,1589,Monday,0
2014-09-30,1661,Tuesday,1
2014-10-01,1578,Wednesday,2
2014-10-02,1561,Thursday,3
2014-10-03,1487,Friday,4
2014-10-04,813,Saturday,5
2014-10-05,859,Sunday,6
2014-10-06,1924,Monday,0
2014-10-07,1532,Tuesday,1
2014-10-08,1590,Wednesday,2
2014-10-09,1587,Thursday,3
2014-10-10,1519,Friday,4
2014-10-11,793,Saturday,5
2014-10-12,871,Sunday,6
2014-10-13,1598,Monday,0
2014-10-14,1627,Tuesday,1
2014-10-15,2272,Wednesday,2
2014-10-16,1944,Thursday,3
2014-10-17,1674,Friday,4
2014-10-18,925,Saturday,5
2014-10-19,1077,Sunday,6
2014-10-20,1612,Monday,0
2014-10-21,1745,Tuesday,1
2014-10-22,2255,Wednesday,2
2014-10-23,1759,Thursday,3
2014-10-24,1450,Friday,4
2014-10-25,769,Saturday,5
2014-10-26,856,Sunday,6
2014-10-27,172,Monday,0
2014-10-28,1773,Tuesday,1
2014-10-29,1959,Wednesday,2
2014-10-30,1769,Thursday,3
2014-10-31,1257,Friday,4
2015-11-01,731,Sunday,6
2015-11-02,326,Monday,0
2015-11-03,20,Tuesday,1
2015-11-04,119,Wednesday,2
2015-11-06,1584,Friday,4
2015-11-07,436,Saturday,5
2015-11-08,120,Sunday,6
2015-11-09,1627,Monday,0
2015-11-10,1489,Tuesday,1
2015-11-11,1014,Wednesday,2
2015-11-12,1259,Thursday,3
2015-11-13,1198,Friday,4
2015-11-14,563,Saturday,5
2015-11-15,480,Sunday,6
2015-11-16,1019,Monday,0
2015-11-17,1002,Tuesday,1
2015-11-18,1265,Wednesday,2
2015-11-19,1312,Thursday,3
2015-11-20,952,Friday,4
2015-11-21,434,Saturday,5
2015-11-22,414,Sunday,6
2015-11-23,998,Monday,0
2015-11-24,1431,Tuesday,1
2015-11-25,1316,Wednesday,2
2015-11-26,610,Thursday,3
2015-11-27,578,Friday,4
2015-11-28,475,Saturday,5
2015-11-29,470,Sunday,6
2015-11-30,1350,Monday,0
2015-12-01,517,Tuesday,1
2015-12-02,59,Wednesday,2
2015-12-04,47,Friday,4
2015-12-05,409,Saturday,5
2015-12-06,403,Sunday,6
2015-12-07,1262,Monday,0
2015-12-08,1045,Tuesday,1
2015-12-09,1661,Wednesday,2
2015-12-10,1524,Thursday,3
2015-12-11,844,Friday,4
2015-12-12,673,Saturday,5
2015-12-13,763,Sunday,6
2015-12-14,1282,Monday,0
2015-12-15,1590,Tuesday,1
2015-12-16,1664,Wednesday,2
2015-12-17,1143,Thursday,3
2015-12-18,1740,Friday,4
2015-12-19,851,Saturday,5
2015-12-20,785,Sunday,6
2015-12-21,1805,Monday,0
2015-12-22,1617,Tuesday,1
2015-12-23,1068,Wednesday,2
2015-12-24,897,Thursday,3
2015-12-25,717,Friday,4
2015-12-26,660,Saturday,5
2015-12-27,703,Sunday,6
2015-12-28,1560,Monday,0
2015-12-29,1193,Tuesday,1
2015-12-30,1492,Wednesday,2
2015-12-31,1355,Thursday,3
2016-01-01,688,Friday,4
2016-01-02,675,Saturday,5
2016-01-03,717,Sunday,6
2016-01-04,1056,Monday,0
2016-01-05,1548,Tuesday,1
2016-01-06,1482,Wednesday,2
2016-01-07,898,Thursday,3
2016-01-08,457,Friday,4
2016-01-09,332,Saturday,5
2016-01-10,288,Sunday,6
2016-01-11,383,Monday,0
2016-01-12,518,Tuesday,1
2016-01-13,450,Wednesday,2
2016-01-14,347,Thursday,3
2016-01-15,1337,Friday,4
2016-01-16,529,Saturday,5
2016-01-17,372,Sunday,6
2016-01-18,1325,Monday,0
2016-01-19,693,Tuesday,1
2016-01-20,1391,Wednesday,2
2016-01-21,1513,Thursday,3
2016-01-22,1047,Friday,4
2016-01-23,565,Saturday,5
2016-01-24,543,Sunday,6
2016-01-25,906,Monday,0
2016-01-26,1621,Tuesday,1
2016-01-27,1637,Wednesday,2
2016-01-28,962,Thursday,3
2016-01-29,1535,Friday,4
2016-01-30,590,Saturday,5
2016-01-31,602,Sunday,6
2016-02-01,1426,Monday,0
2016-02-02,1593,Tuesday,1
2016-02-03,846,Wednesday,2
2016-02-04,1342,Thursday,3
2016-02-05,1124,Friday,4
2016-02-06,504,Saturday,5
2016-02-07,497,Sunday,6
2016-02-08,776,Monday,0
2016-02-09,711,Tuesday,1
2016-02-10,1228,Wednesday,2
2016-02-11,951,Thursday,3
2016-02-12,448,Friday,4
2016-02-13,411,Saturday,5
2016-02-14,487,Sunday,6
2016-02-15,533,Monday,0
2016-02-16,1326,Tuesday,1
2016-02-17,866,Wednesday,2
2016-02-18,528,Thursday,3
2016-02-19,1126,Friday,4
2016-02-20,421,Saturday,5
2016-02-21,399,Sunday,6
2016-02-22,1048,Monday,0
2016-02-23,1105,Tuesday,1
2016-02-24,1013,Wednesday,2
2016-02-25,1219,Thursday,3
2016-02-26,1231,Friday,4
2016-02-27,390,Saturday,5
2016-02-28,435,Sunday,6
2016-02-29,1323,Monday,0
2016-03-01,526,Tuesday,1
2016-03-02,1046,Wednesday,2
2016-03-03,1111,Thursday,3
2016-03-04,996,Friday,4
2016-03-05,415,Saturday,5
2016-03-06,366,Sunday,6
2016-03-07,1114,Monday,0
2016-03-08,1073,Tuesday,1
2016-03-09,880,Wednesday,2
2016-03-10,1191,Thursday,3
2016-03-11,1132,Friday,4
2016-03-12,410,Saturday,5
2016-03-13,436,Sunday,6
2016-03-14,732,Monday,0
2016-03-15,696,Tuesday,1
2016-03-16,681,Wednesday,2
2016-03-17,714,Thursday,3
2016-03-18,678,Friday,4
2016-03-19,290,Saturday,5
2016-03-20,291,Sunday,6
2016-03-21,679,Monday,0
2016-03-22,734,Tuesday,1
2016-03-23,665,Wednesday,2
2016-03-24,656,Thursday,3
2016-03-25,626,Friday,4
2016-03-26,256,Saturday,5
2016-03-27,296,Sunday,6
2016-03-28,1016,Monday,0
2016-03-29,1200,Tuesday,1
2016-03-30,1103,Wednesday,2
2016-03-31,1006,Thursday,3
2016-04-01,946,Friday,4
2016-04-02,346,Saturday,5
2016-04-03,383,Sunday,6
2016-04-04,902,Monday,0
2016-04-05,1211,Tuesday,1
2016-04-06,1111,Wednesday,2
2016-04-07,974,Thursday,3
2016-04-08,1125,Friday,4
2016-04-09,335,Saturday,5
2016-04-10,431,Sunday,6
2016-04-11,1089,Monday,0
2016-04-12,1121,Tuesday,1
2016-04-13,1008,Wednesday,2
2016-04-14,1168,Thursday,3
2016-04-15,710,Friday,4
2016-04-16,166,Saturday,5
2016-04-17,197,Sunday,6
2016-04-18,194,Monday,0
2016-04-19,223,Tuesday,1
2016-04-20,212,Wednesday,2
2016-04-21,217,Thursday,3
2016-04-22,222,Friday,4
2016-04-23,208,Saturday,5
2016-04-24,204,Sunday,6
2016-04-25,177,Monday,0
2016-04-26,204,Tuesday,1
2016-04-27,200,Wednesday,2
2016-04-28,176,Thursday,3
2016-04-29,214,Friday,4
2016-04-30,173,Saturday,5
2016-05-01,181,Sunday,6
2016-05-02,195,Monday,0
2016-05-03,186,Tuesday,1
2016-05-04,190,Wednesday,2
2016-05-05,208,Thursday,3
2016-05-06,225,Friday,4
2016-05-07,229,Saturday,5
2016-05-08,187,Sunday,6
2016-05-09,204,Monday,0
2016-05-10,183,Tuesday,1
2016-05-11,195,Wednesday,2
2016-05-12,218,Thursday,3
2016-05-13,228,Friday,4
2016-05-14,219,Saturday,5
2016-05-15,202,Sunday,6
2016-05-16,217,Monday,0
2016-05-17,215,Tuesday,1
2016-05-18,199,Wednesday,2
2016-05-19,206,Thursday,3
2016-05-20,206,Friday,4
2016-05-21,204,Saturday,5
2016-05-22,190,Sunday,6
2016-05-23,168,Monday,0
2016-05-24,175,Tuesday,1
2016-05-25,188,Wednesday,2
2016-05-26,187,Thursday,3
2016-05-27,241,Friday,4
2016-05-28,194,Saturday,5
2016-05-29,178,Sunday,6
2016-05-30,205,Monday,0
2016-05-31,180,Tuesday,1
2016-06-01,199,Wednesday,2
2016-06-02,178,Thursday,3
2016-06-03,183,Friday,4
2016-06-04,180,Saturday,5
2016-06-05,196,Sunday,6
2016-06-06,191,Monday,0
2016-06-07,184,Tuesday,1
2016-06-08,183,Wednesday,2
2016-06-09,204,Thursday,3
2016-06-10,203,Friday,4
2016-06-11,185,Saturday,5
2016-06-12,197,Sunday,6
2016-06-13,185,Monday,0
2016-06-14,192,Tuesday,1
2016-06-15,179,Wednesday,2
2016-06-16,186,Thursday,3
2016-06-17,181,Friday,4
2016-06-18,234,Saturday,5
2016-06-19,211,Sunday,6
2016-06-20,176,Monday,0
2016-06-21,196,Tuesday,1
2016-06-22,186,Wednesday,2
2016-06-23,183,Thursday,3
2016-06-24,206,Friday,4
2016-06-25,173,Saturday,5
2016-06-26,163,Sunday,6
2016-06-27,157,Monday,0
2016-06-28,200,Tuesday,1
2016-06-29,183,Wednesday,2
2016-06-30,175,Thursday,3
2016-07-01,199,Friday,4
2016-07-02,185,Saturday,5
2016-07-03,180,Sunday,6
2016-07-04,174,Monday,0
2016-07-05,162,Tuesday,1
2016-07-06,174,Wednesday,2
2016-07-07,184,Thursday,3
2016-07-08,160,Friday,4
2016-07-09,200,Saturday,5
2016-07-10,212,Sunday,6
2016-07-11,191,Monday,0
2016-07-12,205,Tuesday,1
2016-07-13,184,Wednesday,2
2016-07-14,183,Thursday,3
2016-07-15,190,Friday,4
2016-07-16,181,Saturday,5
2016-07-17,206,Sunday,6
2016-07-18,193,Monday,0
2016-07-19,169,Tuesday,1
2016-07-20,210,Wednesday,2
2016-07-21,274,Thursday,3
2016-07-22,194,Friday,4
2016-07-23,177,Saturday,5
2016-07-24,194,Sunday,6
2016-07-25,181,Monday,0
2016-07-26,182,Tuesday,1
2016-07-27,188,Wednesday,2
2016-07-28,189,Thursday,3
2016-07-29,192,Friday,4
2016-07-30,185,Saturday,5
2016-07-31,199,Sunday,6
2016-08-01,179,Monday,0
2016-08-02,177,Tuesday,1
2016-08-03,190,Wednesday,2
2016-08-04,181,Thursday,3
2016-08-05,200,Friday,4
2016-08-06,175,Saturday,5
2016-08-07,212,Sunday,6
2016-08-08,182,Monday,0
2016-08-09,225,Tuesday,1
2016-08-10,181,Wednesday,2
2016-08-11,201,Thursday,3
2016-08-12,181,Friday,4
2016-08-13,169,Saturday,5
2016-08-14,196,Sunday,6
2016-08-15,177,Monday,0
2016-08-16,197,Tuesday,1
2016-08-17,199,Wednesday,2
2016-08-18,192,Thursday,3
2016-08-19,177,Friday,4
2016-08-20,148,Saturday,5
2016-08-21,125,Sunday,6
2016-08-22,143,Monday,0
2016-08-23,176,Tuesday,1
2016-08-24,196,Wednesday,2
2016-08-25,244,Thursday,3
2016-08-26,227,Friday,4
2016-08-27,236,Saturday,5
2016-08-28,242,Sunday,6
2016-08-29,223,Monday,0
2016-08-30,195,Tuesday,1
2016-08-31,185,Wednesday,2
2017-11-01,252,Wednesday,2
2017-11-02,223,Thursday,3
2017-11-03,304,Friday,4
2017-11-04,253,Saturday,5
2017-11-05,215,Sunday,6
2017-11-06,226,Monday,0
2017-11-07,226,Tuesday,1
2017-11-08,230,Wednesday,2
2017-11-09,88,Thursday,3
2017-11-10,272,Friday,4
2017-11-11,305,Saturday,5
2017-11-12,267,Sunday,6
2017-11-13,248,Monday,0
2017-11-14,238,Tuesday,1
2017-11-15,256,Wednesday,2
2017-11-16,299,Thursday,3
2017-11-17,295,Friday,4
2017-11-18,267,Saturday,5
2017-11-19,266,Sunday,6
2017-11-20,349,Monday,0
2017-11-21,315,Tuesday,1
2017-11-22,641,Wednesday,2
2017-11-23,862,Thursday,3
2017-11-24,412,Friday,4
2017-11-25,310,Saturday,5
2017-11-26,304,Sunday,6
2017-11-27,371,Monday,0
2017-11-28,434,Tuesday,1
2017-11-29,481,Wednesday,2
2017-11-30,435,Thursday,3
2017-12-01,670,Friday,4
2017-12-02,732,Saturday,5
2017-12-03,586,Sunday,6
2017-12-04,950,Monday,0
2017-12-05,747,Tuesday,1
2017-12-06,733,Wednesday,2
2017-12-07,725,Thursday,3
2017-12-08,852,Friday,4
2017-12-09,659,Saturday,5
2017-12-10,916,Sunday,6
2017-12-11,791,Monday,0
2017-12-12,796,Tuesday,1
2017-12-13,799,Wednesday,2
2017-12-14,653,Thursday,3
2017-12-15,683,Friday,4
2017-12-16,989,Saturday,5
2017-12-17,915,Sunday,6
2017-12-18,922,Monday,0
2017-12-19,910,Tuesday,1
2017-12-20,1090,Wednesday,2
2017-12-21,1115,Thursday,3
2017-12-22,852,Friday,4
2017-12-23,529,Saturday,5
2017-12-24,1052,Sunday,6
2017-12-25,364,Monday,0
2017-12-26,1025,Tuesday,1
2017-12-27,1135,Wednesday,2
2017-12-28,854,Thursday,3
2017-12-29,747,Friday,4
2017-12-30,547,Saturday,5
2017-12-31,891,Sunday,6
2018-01-01,756,Monday,0
2018-01-02,814,Tuesday,1
2018-01-03,405,Wednesday,2
2018-01-04,198,Thursday,3
2018-01-05,566,Friday,4
2018-01-06,50,Saturday,5
2018-01-07,1565,Sunday,6
2018-01-08,637,Monday,0
2018-01-09,774,Tuesday,1
2018-01-10,1112,Wednesday,2
2018-01-11,1102,Thursday,3
2018-01-12,1115,Friday,4
2018-01-13,867,Saturday,5
2018-01-14,164,Sunday,6
2018-01-15,19,Monday,0
2018-01-16,486,Tuesday,1
2018-01-17,827,Wednesday,2
2018-01-18,867,Thursday,3
2018-01-19,792,Friday,4
2018-01-20,721,Saturday,5
2018-01-21,729,Sunday,6
2018-01-22,881,Monday,0
2018-01-23,852,Tuesday,1
2018-01-24,993,Wednesday,2
2018-01-25,1069,Thursday,3
2018-01-26,1033,Friday,4
2018-01-27,922,Saturday,5
2018-01-28,898,Sunday,6
2018-01-29,926,Monday,0
2018-01-30,260,Tuesday,1
2018-01-31,894,Wednesday,2
2018-02-01,1055,Thursday,3
2018-02-02,929,Friday,4
2018-02-03,942,Saturday,5
2018-02-04,914,Sunday,6
2018-02-05,892,Monday,0
2018-02-06,878,Tuesday,1
2018-02-07,952,Wednesday,2
2018-02-08,777,Thursday,3
2018-02-09,822,Friday,4
2018-02-10,743,Saturday,5
2018-02-11,816,Sunday,6
2018-02-12,818,Monday,0
2018-02-13,851,Tuesday,1
2018-02-14,1075,Wednesday,2
2018-02-15,919,Thursday,3
2018-02-16,929,Friday,4
2018-02-17,850,Saturday,5
2018-02-18,1185,Sunday,6
2018-02-19,987,Monday,0
2018-02-20,995,Tuesday,1
2018-02-21,1016,Wednesday,2
2018-02-22,875,Thursday,3
2018-02-23,749,Friday,4
2018-02-24,719,Saturday,5
2018-02-25,679,Sunday,6
2018-02-26,649,Monday,0
2018-02-27,687,Tuesday,1
2018-02-28,647,Wednesday,2
2018-03-01,716,Thursday,3
2018-03-02,553,Friday,4
2018-03-03,626,Saturday,5
2018-03-04,539,Sunday,6
2018-03-05,601,Monday,0
2018-03-06,688,Tuesday,1
2018-03-07,551,Wednesday,2
2018-03-08,587,Thursday,3
2018-03-09,555,Friday,4
2018-03-10,440,Saturday,5
2018-03-11,510,Sunday,6
2018-03-12,597,Monday,0
2018-03-13,563,Tuesday,1
2018-03-14,545,Wednesday,2
2018-03-15,570,Thursday,3
2018-03-16,607,Friday,4
2018-03-17,528,Saturday,5
2018-03-18,549,Sunday,6
2018-03-19,592,Monday,0
2018-03-20,615,Tuesday,1
2018-03-21,596,Wednesday,2
2018-03-22,546,Thursday,3
2018-03-23,531,Friday,4
2018-03-24,529,Saturday,5
2018-03-25,575,Sunday,6
2018-03-26,589,Monday,0
2018-03-27,552,Tuesday,1
2018-03-28,567,Wednesday,2
2018-03-29,536,Thursday,3
2018-03-30,558,Friday,4
2018-03-31,474,Saturday,5
2018-04-01,552,Sunday,6
2018-04-02,556,Monday,0
2018-04-03,539,Tuesday,1
2018-04-04,547,Wednesday,2
2018-04-05,683,Thursday,3
2018-04-06,536,Friday,4
2018-04-07,533,Saturday,5
2018-04-08,621,Sunday,6
2018-04-09,496,Monday,0
2018-04-10,670,Tuesday,1
2018-04-11,686,Wednesday,2
2018-04-12,567,Thursday,3
2018-04-13,392,Friday,4
2018-04-14,314,Saturday,5
2018-04-15,462,Sunday,6
2018-04-16,531,Monday,0
2018-04-17,461,Tuesday,1
2018-04-18,590,Wednesday,2
2018-04-19,612,Thursday,3
2018-04-20,594,Friday,4
2018-04-21,603,Saturday,5
2018-04-22,556,Sunday,6
2018-04-23,608,Monday,0
2018-04-24,582,Tuesday,1
2018-04-25,538,Wednesday,2
2018-04-26,526,Thursday,3
2018-04-27,496,Friday,4
2018-04-28,470,Saturday,5
2018-04-29,462,Sunday,6
2018-04-30,438,Monday,0
2018-05-01,535,Tuesday,1
2018-05-02,556,Wednesday,2
2018-05-03,473,Thursday,3
2018-05-04,457,Friday,4
2018-05-05,485,Saturday,5
2018-05-06,501,Sunday,6
2018-05-07,490,Monday,0
2018-05-08,595,Tuesday,1
2018-05-09,551,Wednesday,2
2018-05-10,478,Thursday,3
2018-05-11,493,Friday,4
2018-05-12,439,Saturday,5
2018-05-13,401,Sunday,6
2018-05-14,383,Monday,0
2018-05-15,417,Tuesday,1
2018-05-16,370,Wednesday,2
2018-05-17,362,Thursday,3
2018-05-18,363,Friday,4
2018-05-19,399,Saturday,5
2018-05-20,385,Sunday,6
2018-05-21,448,Monday,0
2018-05-22,433,Tuesday,1
2018-05-23,406,Wednesday,2
2018-05-24,435,Thursday,3
2018-05-25,419,Friday,4
2018-05-26,352,Saturday,5
2018-05-27,327,Sunday,6
2018-05-28,360,Monday,0
2018-05-29,376,Tuesday,1
2018-05-30,362,Wednesday,2
2018-05-31,400,Thursday,3
2018-06-01,327,Friday,4
2018-06-02,326,Saturday,5
2018-06-03,349,Sunday,6
2018-06-04,401,Monday,0
2018-06-05,466,Tuesday,1
2018-06-06,407,Wednesday,2
2018-06-07,400,Thursday,3
2018-06-08,351,Friday,4
2018-06-09,321,Saturday,5
2018-06-10,328,Sunday,6
2018-06-11,364,Monday,0
2018-06-12,141,Tuesday,1
2018-06-13,406,Wednesday,2
2018-06-14,379,Thursday,3
2018-06-15,357,Friday,4
2018-06-16,341,Saturday,5
2018-06-17,392,Sunday,6
2018-06-18,394,Monday,0
2018-06-19,475,Tuesday,1
2018-06-20,375,Wednesday,2
2018-06-21,356,Thursday,3
2018-06-22,378,Friday,4
2018-06-23,345,Saturday,5
2018-06-24,326,Sunday,6
2018-06-25,338,Monday,0
2018-06-26,381,Tuesday,1
2018-06-27,425,Wednesday,2
2018-06-28,374,Thursday,3
2018-06-29,401,Friday,4
2018-06-30,336,Saturday,5
2018-07-01,382,Sunday,6
2018-07-02,363,Monday,0
2018-07-03,456,Tuesday,1
2018-07-04,369,Wednesday,2
2018-07-05,369,Thursday,3
2018-07-06,413,Friday,4
2018-07-07,396,Saturday,5
2018-07-08,403,Sunday,6
2018-07-09,347,Monday,0
2018-07-10,379,Tuesday,1
2018-07-11,357,Wednesday,2
2018-07-12,336,Thursday,3
2018-07-13,349,Friday,4
2018-07-14,334,Saturday,5
2018-07-15,320,Sunday,6
2018-07-16,649,Monday,0
2018-07-17,919,Tuesday,1
2018-07-18,800,Wednesday,2
2018-07-19,633,Thursday,3
2018-07-20,479,Friday,4
2018-07-21,472,Saturday,5
2018-07-22,451,Sunday,6
2018-07-23,427,Monday,0
2018-07-24,36,Tuesday,1
2018-07-25,451,Wednesday,2
2018-07-26,390,Thursday,3
2018-07-27,387,Friday,4
2018-07-28,366,Saturday,5
2018-07-29,351,Sunday,6
2018-07-30,402,Monday,0
2018-07-31,410,Tuesday,1
2018-08-01,393,Wednesday,2
2018-08-02,383,Thursday,3
2018-08-03,386,Friday,4
2018-08-04,325,Saturday,5
2018-08-05,328,Sunday,6
2018-08-06,417,Monday,0
2018-08-07,365,Tuesday,1
2018-08-08,373,Wednesday,2
2018-08-09,360,Thursday,3
2018-08-10,389,Friday,4
2018-08-11,375,Saturday,5
2018-08-12,329,Sunday,6
2018-08-13,383,Monday,0
2018-08-14,436,Tuesday,1
2018-08-15,160,Wednesday,2
2018-08-16,141,Thursday,3
2018-08-17,62,Friday,4
2018-08-18,66,Saturday,5
2018-08-19,381,Sunday,6
2018-08-20,396,Monday,0
2018-08-21,30,Tuesday,1
2018-08-22,379,Wednesday,2
2018-08-23,296,Thursday,3
2018-08-24,396,Friday,4
2018-08-25,366,Saturday,5
2018-08-26,382,Sunday,6
2018-08-27,451,Monday,0
2018-08-28,409,Tuesday,1
2018-08-29,411,Wednesday,2
2018-08-30,798,Thursday,3
2018-08-31,1474,Friday,4
2018-09-01,1833,Saturday,5
2018-09-02,1171,Sunday,6
2018-09-03,938,Monday,0
2018-09-04,679,Tuesday,1
2018-09-05,737,Wednesday,2
2018-09-06,731,Thursday,3
2018-09-07,656,Friday,4
2018-09-08,776,Saturday,5
2018-09-09,736,Sunday,6
2018-09-10,1111,Monday,0
2018-09-11,1042,Tuesday,1
2018-09-12,763,Wednesday,2
2018-09-13,621,Thursday,3
2018-09-14,735,Friday,4
2018-09-15,465,Saturday,5
2018-09-16,501,Sunday,6
2018-09-17,929,Monday,0
2018-09-18,709,Tuesday,1
2018-09-19,579,Wednesday,2
2018-09-20,420,Thursday,3
2018-09-21,431,Friday,4
2018-09-22,329,Saturday,5
2018-09-23,371,Sunday,6
2018-09-24,414,Monday,0
2018-09-25,387,Tuesday,1
2018-09-26,446,Wednesday,2
2018-09-27,349,Thursday,3
2018-09-28,336,Friday,4
2018-09-29,295,Saturday,5
2018-09-30,242,Sunday,6
2018-10-01,142,Monday,0
2018-10-02,283,Tuesday,1
2018-10-03,206,Wednesday,2
2018-10-04,392,Thursday,3
2018-10-05,71,Friday,4
2018-10-06,298,Saturday,5
2018-10-07,84,Sunday,6
2018-10-08,125,Monday,0
2018-10-09,10,Tuesday,1
2018-10-10,421,Wednesday,2
2018-10-11,253,Thursday,3
2018-10-12,411,Friday,4
2018-10-13,299,Saturday,5
2018-10-14,381,Sunday,6
2018-10-15,497,Monday,0
2018-10-16,356,Tuesday,1
2018-10-17,458,Wednesday,2
2018-10-18,360,Thursday,3
2018-10-19,448,Friday,4
2018-10-20,370,Saturday,5
2018-10-21,334,Sunday,6
2018-10-22,339,Monday,0
2018-10-23,365,Tuesday,1
2018-10-24,434,Wednesday,2
2018-10-25,390,Thursday,3
2018-10-26,474,Friday,4
2018-10-27,497,Saturday,5
2018-10-28,281,Sunday,6
2018-10-29,373,Monday,0
2018-10-30,387,Tuesday,1
2018-10-31,319,Wednesday,2
2018-11-01,356,Thursday,3
2018-11-02,322,Friday,4
2018-11-03,293,Saturday,5
2018-11-04,234,Sunday,6
2018-11-05,299,Monday,0
2018-11-06,366,Tuesday,1
2018-11-07,314,Wednesday,2
2018-11-08,324,Thursday,3
2018-11-09,321,Friday,4
2018-11-10,330,Saturday,5
2018-11-11,228,Sunday,6
2018-11-12,245,Monday,0
2018-11-13,210,Tuesday,1
2018-11-14,293,Wednesday,2
2018-11-15,347,Thursday,3
2018-11-16,281,Friday,4
2018-11-17,217,Saturday,5
2018-11-18,216,Sunday,6
2018-11-19,285,Monday,0
2018-11-20,231,Tuesday,1
2018-11-21,227,Wednesday,2
2018-11-22,252,Thursday,3
2018-11-23,248,Friday,4
2018-11-24,183,Saturday,5
2018-11-25,193,Sunday,6
2018-11-26,210,Monday,0
2018-11-27,283,Tuesday,1
2018-11-28,244,Wednesday,2
2018-11-29,228,Thursday,3
2018-11-30,246,Friday,4
2018-12-01,233,Saturday,5
2018-12-02,289,Sunday,6
2018-12-03,302,Monday,0
2018-12-04,349,Tuesday,1
2018-12-05,82,Wednesday,2
2018-12-06,324,Thursday,3
2018-12-07,333,Friday,4
2018-12-08,208,Saturday,5
2018-12-09,193,Sunday,6
2018-12-10,229,Monday,0
2018-12-11,269,Tuesday,1
2018-12-12,308,Wednesday,2
2018-12-13,306,Thursday,3
2018-12-14,320,Friday,4
2018-12-15,255,Saturday,5
2018-12-16,243,Sunday,6
2018-12-17,378,Monday,0
2018-12-18,472,Tuesday,1
2018-12-19,421,Wednesday,2
2018-12-20,361,Thursday,3
2018-12-21,311,Friday,4
2018-12-22,230,Saturday,5
2018-12-23,222,Sunday,6
2018-12-24,227,Monday,0
2018-12-25,255,Tuesday,1
2018-12-26,257,Wednesday,2
2018-12-27,285,Thursday,3
2018-12-28,281,Friday,4
2018-12-29,210,Saturday,5
2018-12-30,82,Sunday,6
2018-12-31,221,Monday,0
2019-03-01,212,Friday,4
2019-03-02,187,Saturday,5
2019-03-03,197,Sunday,6
2019-03-04,249,Monday,0
2019-03-05,221,Tuesday,1
2019-03-06,269,Wednesday,2
2019-03-07,240,Thursday,3
2019-03-08,107,Friday,4
2019-03-09,185,Saturday,5
2019-03-10,164,Sunday,6
2019-03-11,283,Monday,0
2019-03-12,262,Tuesday,1
2019-03-13,268,Wednesday,2
2019-03-14,323,Thursday,3
2019-03-15,363,Friday,4
2019-03-16,210,Saturday,5
2019-03-17,131,Sunday,6
2019-03-18,273,Monday,0
2019-03-19,46,Tuesday,1
2019-03-20,436,Wednesday,2
2019-03-21,280,Thursday,3
2019-03-22,276,Friday,4
2019-03-23,254,Saturday,5
2019-03-24,209,Sunday,6
2019-03-25,252,Monday,0
2019-03-26,235,Tuesday,1
2019-03-27,339,Wednesday,2
2019-03-28,361,Thursday,3
2019-03-29,303,Friday,4
2019-03-30,238,Saturday,5
2019-03-31,227,Sunday,6
2019-04-01,767,Monday,0
2019-04-02,1349,Tuesday,1
2019-04-03,1435,Wednesday,2
2019-04-04,1041,Thursday,3
2019-04-05,585,Friday,4
2019-04-06,332,Saturday,5
2019-04-07,378,Sunday,6
2019-04-08,366,Monday,0
2019-04-09,427,Tuesday,1
2019-04-10,399,Wednesday,2
2019-04-11,311,Thursday,3
2019-04-12,334,Friday,4
2019-04-13,272,Saturday,5
2019-04-14,269,Sunday,6
2019-04-15,304,Monday,0
2019-04-16,330,Tuesday,1
2019-04-17,350,Wednesday,2
2019-04-18,400,Thursday,3
2019-04-19,313,Friday,4
2019-04-20,316,Saturday,5
2019-04-21,246,Sunday,6
2019-04-22,325,Monday,0
2019-04-23,333,Tuesday,1
2019-04-24,319,Wednesday,2
2019-04-25,300,Thursday,3
2019-04-26,263,Friday,4
2019-04-27,251,Saturday,5
2019-04-28,253,Sunday,6
2019-04-29,278,Monday,0
2019-04-30,453,Tuesday,1
2020-01-01,137,Wednesday,2
2020-01-02,32,Thursday,3
2020-01-03,182,Friday,4
2020-01-04,256,Saturday,5
2020-01-05,248,Sunday,6
2020-01-06,295,Monday,0
2020-01-07,204,Tuesday,1
2020-01-08,237,Wednesday,2
2020-01-09,241,Thursday,3
2020-01-10,304,Friday,4
2020-01-11,169,Saturday,5
2020-01-12,177,Sunday,6
2020-01-13,203,Monday,0
2020-01-14,213,Tuesday,1
2020-01-15,196,Wednesday,2
2020-01-16,166,Thursday,3
2020-01-17,259,Friday,4
2020-01-18,277,Saturday,5
2020-01-19,216,Sunday,6
2020-01-20,206,Monday,0
2020-01-21,188,Tuesday,1
2020-01-22,164,Wednesday,2
2020-01-23,196,Thursday,3
2020-01-24,187,Friday,4
2020-01-25,223,Saturday,5
2020-01-26,204,Sunday,6
2020-01-27,170,Monday,0
2020-01-28,216,Tuesday,1
2020-01-29,221,Wednesday,2
2020-01-30,168,Thursday,3
2020-01-31,191,Friday,4
2020-02-01,203,Saturday,5
2020-02-02,200,Sunday,6
2020-02-03,198,Monday,0
2020-02-04,253,Tuesday,1
2020-02-05,133,Wednesday,2
2020-02-06,252,Thursday,3
2020-02-07,7,Friday,4
2020-02-08,624,Saturday,5
2020-02-09,459,Sunday,6
2020-02-10,374,Monday,0
2020-02-11,278,Tuesday,1
2020-02-12,301,Wednesday,2
2020-02-13,259,Thursday,3
2020-02-14,232,Friday,4
2020-02-15,239,Saturday,5
2020-02-16,210,Sunday,6
2020-02-17,234,Monday,0
2020-02-18,292,Tuesday,1
2020-02-19,213,Wednesday,2
2020-02-20,186,Thursday,3
2020-02-21,214,Friday,4
2020-02-22,137,Saturday,5
2020-02-23,185,Sunday,6
2020-02-24,221,Monday,0
2020-02-25,197,Tuesday,1
2020-02-26,206,Wednesday,2
2020-02-27,235,Thursday,3
2020-02-28,160,Friday,4
2020-02-29,171,Saturday,5
2020-03-01,191,Sunday,6
2020-03-02,172,Monday,0
2020-03-03,525,Tuesday,1
2020-03-04,348,Wednesday,2
2020-03-05,236,Thursday,3
2020-03-06,212,Friday,4
2020-03-07,169,Saturday,5
2020-03-08,200,Sunday,6
2020-03-09,202,Monday,0
2020-03-10,210,Tuesday,1
2020-03-11,166,Wednesday,2
2020-03-12,293,Thursday,3
2020-03-13,212,Friday,4
2020-03-14,155,Saturday,5
2020-03-15,156,Sunday,6
2020-03-16,160,Monday,0
2020-03-17,170,Tuesday,1
2020-03-18,129,Wednesday,2
2020-03-19,207,Thursday,3
2020-03-20,160,Friday,4
2020-03-21,111,Saturday,5
2020-03-22,155,Sunday,6
2020-03-23,170,Monday,0
2020-03-24,161,Tuesday,1
2020-03-25,174,Wednesday,2
2020-03-26,166,Thursday,3
2020-03-27,154,Friday,4
2020-03-28,126,Saturday,5
2020-03-29,162,Sunday,6
2020-03-30,203,Monday,0
2020-03-31,4,Tuesday,1
2020-04-01,246,Wednesday,2
2020-04-02,185,Thursday,3
2020-04-03,138,Friday,4
2020-04-04,158,Saturday,5
2020-04-05,125,Sunday,6
2020-04-06,156,Monday,0
2020-04-07,263,Tuesday,1
2020-04-08,130,Wednesday,2
2020-04-09,143,Thursday,3
2020-04-10,164,Friday,4
2020-04-11,207,Saturday,5
2020-04-12,146,Sunday,6
2020-04-13,148,Monday,0
2020-04-14,204,Tuesday,1
2020-04-15,166,Wednesday,2
2020-04-16,161,Thursday,3
2020-04-17,186,Friday,4
2020-04-18,159,Saturday,5
2020-04-19,149,Sunday,6
2020-04-20,232,Monday,0
2020-04-21,177,Tuesday,1
2020-04-22,170,Wednesday,2
2020-04-23,184,Thursday,3
2020-04-24,135,Friday,4
2020-04-25,211,Saturday,5
2020-04-26,385,Sunday,6
2020-04-27,298,Monday,0
2020-04-28,193,Tuesday,1
2020-04-29,220,Wednesday,2
2020-04-30,219,Thursday,3
2021-03-01,6358,Monday,0
2021-03-02,1165,Tuesday,1
2021-03-03,3643,Wednesday,2
2021-03-04,5101,Thursday,3
2021-03-05,4730,Friday,4
2021-03-06,156,Saturday,5
2021-03-09,125,Tuesday,1
2021-03-10,228,Wednesday,2
2021-03-11,54,Thursday,3
2021-03-12,82,Friday,4
2021-03-13,1236,Saturday,5
2021-03-15,4405,Monday,0
2021-03-16,4044,Tuesday,1
2021-03-17,4338,Wednesday,2
2021-03-18,6003,Thursday,3
2021-03-19,6033,Friday,4
2021-03-20,5482,Saturday,5
2021-03-21,4258,Sunday,6
2021-03-22,4832,Monday,0
2021-03-23,4893,Tuesday,1
2021-03-24,6150,Wednesday,2
2021-03-25,5015,Thursday,3
2021-03-26,4246,Friday,4
2021-03-27,4170,Saturday,5
2021-03-28,4026,Sunday,6
2021-03-29,3797,Monday,0
2021-03-30,4115,Tuesday,1
2021-03-31,3598,Wednesday,2
2021-04-01,10170,Thursday,3
2021-04-02,5077,Friday,4
2021-04-03,898,Saturday,5
2021-04-04,3517,Sunday,6
2021-04-05,3906,Monday,0
2021-04-06,5449,Tuesday,1
2021-04-07,5477,Wednesday,2
2021-04-08,3821,Thursday,3
2021-04-09,4445,Friday,4
2021-04-10,5052,Saturday,5
2021-04-11,11622,Sunday,6
2021-04-12,4985,Monday,0
2021-04-13,16228,Tuesday,1
2021-04-14,23795,Wednesday,2
2021-04-15,25940,Thursday,3
2021-04-16,11037,Friday,4
2021-04-17,463,Saturday,5
2021-04-18,21553,Sunday,6
2021-04-19,5173,Monday,0
2021-04-20,37310,Tuesday,1
2021-04-21,3160,Wednesday,2
2021-04-22,4137,Thursday,3
2021-04-23,5088,Friday,4
2021-04-24,6266,Saturday,5
2021-04-25,12409,Sunday,6
2021-04-26,8792,Monday,0
2021-04-27,12276,Tuesday,1
2021-04-28,654,Wednesday,2
2021-04-29,11097,Thursday,3
2021-04-30,12678,Friday,4
2021-05-01,10282,Saturday,5
2021-05-02,14634,Sunday,6
2021-05-03,26238,Monday,0
2021-05-04,50001,Tuesday,1
2021-05-05,24076,Wednesday,2
2021-05-06,15060,Thursday,3
2021-05-07,23920,Friday,4
2021-05-08,31173,Saturday,5
2021-05-09,86124,Sunday,6
2021-05-10,23093,Monday,0
2021-05-11,42077,Tuesday,1
2021-05-12,41564,Wednesday,2
2021-05-13,19119,Thursday,3
2021-05-14,14932,Friday,4
2021-05-15,25018,Saturday,5
2021-05-16,42234,Sunday,6
2021-05-17,37518,Monday,0
2021-05-18,22903,Tuesday,1
2021-05-19,31045,Wednesday,2
2021-05-20,26001,Thursday,3
2021-05-21,19089,Friday,4
2021-05-22,3876,Saturday,5
2021-05-23,17019,Sunday,6
2021-05-24,20257,Monday,0
2021-05-25,35883,Tuesday,1
2021-05-26,18900,Wednesday,2
2021-05-27,21730,Thursday,3
2021-05-28,13175,Friday,4
2021-05-29,11339,Saturday,5
2021-05-30,10699,Sunday,6
2021-05-31,11127,Monday,0
2021-06-01,16006,Tuesday,1
2021-06-02,23250,Wednesday,2
2021-06-03,18073,Thursday,3
2021-06-04,17889,Friday,4
2021-06-05,15913,Saturday,5
2021-06-06,2533,Sunday,6
2021-06-07,12743,Monday,0
2021-06-08,11962,Tuesday,1
2021-06-09,12283,Wednesday,2
2021-06-10,10219,Thursday,3
2021-06-11,12604,Friday,4
2021-06-12,1484,Saturday,5
2021-06-13,6340,Sunday,6
2021-06-14,7141,Monday,0
2021-06-15,194,Tuesday,1
2021-06-16,2052,Wednesday,2
2021-06-17,208,Thursday,3
2021-06-18,6801,Friday,4
2021-06-19,9632,Saturday,5
2021-06-20,778,Sunday,6
2021-06-21,9673,Monday,0
2021-06-22,9521,Tuesday,1
2021-06-23,12399,Wednesday,2
2021-06-24,7345,Thursday,3
2021-06-25,2619,Friday,4
2021-06-26,8767,Saturday,5
2021-06-27,5180,Sunday,6
2021-06-28,5753,Monday,0
2021-06-29,5750,Tuesday,1
2021-06-30,2462,Wednesday,2
2021-07-01,10954,Thursday,3
2021-07-02,10364,Friday,4
2021-07-03,6731,Saturday,5
2021-07-04,7542,Sunday,6
2021-07-05,3208,Monday,0
2021-07-06,5198,Tuesday,1
2021-07-07,4815,Wednesday,2
2021-07-08,4637,Thursday,3
2021-07-09,1640,Friday,4
2021-07-10,5147,Saturday,5
2021-07-11,1975,Sunday,6
2021-07-12,2364,Monday,0
2021-07-13,3383,Tuesday,1
2021-07-14,2830,Wednesday,2
2021-07-15,5216,Thursday,3
2021-07-16,6453,Friday,4
2021-07-17,6231,Saturday,5
2021-07-18,1425,Sunday,6
2021-07-19,3198,Monday,0
2021-07-20,8528,Tuesday,1
2021-07-21,5948,Wednesday,2
2021-07-22,1544,Thursday,3
2021-07-23,1628,Friday,4
2021-07-24,568,Saturday,5
2021-07-25,1081,Sunday,6
2021-07-26,9425,Monday,0
2021-07-27,4315,Tuesday,1
2021-07-28,1981,Wednesday,2
2021-07-29,2158,Thursday,3
2021-07-30,764,Friday,4
2021-07-31,220,Saturday,5
2021-08-01,126,Sunday,6
2021-08-02,283,Monday,0
2021-08-03,5693,Tuesday,1
2021-08-04,1050,Wednesday,2
2021-08-05,511,Thursday,3
2021-08-06,2450,Friday,4
2021-08-07,2381,Saturday,5
2021-08-08,2337,Sunday,6
2021-08-09,2559,Monday,0
2021-08-10,1621,Tuesday,1
2021-08-11,4304,Wednesday,2
2021-08-12,642,Thursday,3
2021-08-13,3429,Friday,4
2021-08-14,3923,Saturday,5
2021-08-15,9658,Sunday,6
2021-08-16,6685,Monday,0
2021-08-17,4884,Tuesday,1
2021-08-18,8042,Wednesday,2
2021-08-19,1232,Thursday,3
2021-08-20,47,Friday,4
2021-08-21,6,Saturday,5
2021-08-22,814,Sunday,6
2021-08-23,3104,Monday,0
2021-08-24,1790,Tuesday,1
2021-08-25,646,Wednesday,2
2021-08-26,2200,Thursday,3
2021-08-27,547,Friday,4
2021-08-28,2259,Saturday,5
2021-08-29,1643,Sunday,6
2021-08-30,2576,Monday,0
2021-08-31,1692,Tuesday,1
2021-09-01,283,Wednesday,2
2021-09-02,2569,Thursday,3
2021-09-03,527,Friday,4
2021-09-04,3633,Saturday,5
2021-09-05,2211,Sunday,6
2021-09-06,711,Monday,0
2021-09-07,5850,Tuesday,1
2021-09-08,6096,Wednesday,2
2021-09-09,3015,Thursday,3
2021-09-10,1026,Friday,4
2021-09-11,135,Saturday,5
2021-09-12,1539,Sunday,6
2021-09-13,846,Monday,0
2021-09-14,263,Tuesday,1
2021-09-15,804,Wednesday,2
2021-09-16,516,Thursday,3
2021-09-17,822,Friday,4
2021-09-18,1704,Saturday,5
2021-09-19,781,Sunday,6
2021-09-20,5371,Monday,0
2021-09-21,3177,Tuesday,1
2021-09-22,2921,Wednesday,2
2021-09-23,6739,Thursday,3
2021-09-24,5973,Friday,4
2021-09-25,2694,Saturday,5
2021-09-26,1154,Sunday,6
2021-09-27,403,Monday,0
2021-09-28,3457,Tuesday,1
2021-09-29,712,Wednesday,2
2021-09-30,117,Thursday,3
2021-10-01,1014,Friday,4
2021-10-02,769,Saturday,5
2021-10-03,895,Sunday,6
2021-10-04,5614,Monday,0
2021-10-05,6569,Tuesday,1
2021-10-06,1020,Wednesday,2
2021-10-07,1758,Thursday,3
2021-10-08,4944,Friday,4
2021-10-09,2615,Saturday,5
2021-10-10,4521,Sunday,6
2021-10-11,7100,Monday,0
2021-10-12,5384,Tuesday,1
2021-10-13,1038,Wednesday,2
2021-10-14,840,Thursday,3
2021-10-15,3550,Friday,4
2021-10-16,929,Saturday,5
2021-10-17,1603,Sunday,6
2021-10-18,390,Monday,0
2021-10-19,309,Tuesday,1
2021-10-20,4135,Wednesday,2
2021-10-21,1827,Thursday,3
2021-10-22,877,Friday,4
2021-10-23,1085,Saturday,5
2021-10-24,11524,Sunday,6
2021-10-25,1284,Monday,0
2021-10-26,963,Tuesday,1
2021-10-27,12400,Wednesday,2
2021-10-28,14419,Thursday,3
2021-10-29,2950,Friday,4
2021-10-30,96,Saturday,5
2021-10-31,1099,Sunday,6
2021-11-01,6694,Monday,0
2021-11-02,3780,Tuesday,1
2021-11-03,1854,Wednesday,2
2021-11-04,53,Thursday,3
2021-11-05,1439,Friday,4
2021-11-06,2906,Saturday,5
2021-11-07,938,Sunday,6
2021-11-08,1262,Monday,0
2021-11-09,3401,Tuesday,1
2021-11-10,1016,Wednesday,2
2021-11-11,1685,Thursday,3
2021-11-12,330,Friday,4
2021-11-13,1805,Saturday,5
2021-11-14,512,Sunday,6
2021-11-15,1620,Monday,0
2021-11-16,318,Tuesday,1
2021-11-17,1902,Wednesday,2
2021-11-18,13,Thursday,3
2021-11-19,301,Friday,4
2021-11-20,6,Saturday,5
2021-11-21,420,Sunday,6
2021-11-22,8,Monday,0
2021-11-23,471,Tuesday,1
2021-11-24,764,Wednesday,2
2021-11-25,568,Thursday,3
2021-11-26,745,Friday,4
2021-11-27,50,Saturday,5
2021-11-28,3308,Sunday,6
2021-11-29,108,Monday,0
2021-11-30,1154,Tuesday,1
2021-12-01,260,Wednesday,2
2021-12-02,1752,Thursday,3
2021-12-03,3040,Friday,4
2021-12-04,316,Saturday,5
2021-12-05,677,Sunday,6
2021-12-06,268,Monday,0
2021-12-07,227,Tuesday,1
2021-12-08,161,Wednesday,2
2021-12-09,142,Thursday,3
2021-12-10,106,Friday,4
2021-12-11,157,Saturday,5
2021-12-12,111,Sunday,6
2021-12-13,259,Monday,0
2021-12-14,171,Tuesday,1
2021-12-15,192,Wednesday,2
2021-12-16,230,Thursday,3
2021-12-17,190,Friday,4
2021-12-18,77,Saturday,5
2021-12-19,280,Sunday,6
2021-12-20,597,Monday,0
2021-12-21,579,Tuesday,1
2021-12-22,162,Wednesday,2
2021-12-23,848,Thursday,3
2021-12-24,417,Friday,4
2021-12-25,942,Saturday,5
2021-12-26,93,Sunday,6
2021-12-27,16,Monday,0
2021-12-28,243,Tuesday,1
2021-12-29,753,Wednesday,2
2021-12-30,78,Thursday,3
2021-12-31,238,Friday,4
2022-01-01,30,Saturday,5
2022-01-02,514,Sunday,6
2022-01-03,38,Monday,0
2022-01-04,881,Tuesday,1
2022-01-05,532,Wednesday,2
2022-01-06,17,Thursday,3
2022-01-07,426,Friday,4
2022-01-08,358,Saturday,5
2022-01-09,325,Sunday,6
2022-01-10,1578,Monday,0
2022-01-11,670,Tuesday,1
2022-01-12,611,Wednesday,2
2022-01-13,427,Thursday,3
2022-01-14,36,Friday,4
2022-01-15,105,Saturday,5
2022-01-16,1563,Sunday,6
2022-01-17,86,Monday,0
2022-01-18,376,Tuesday,1
2022-01-19,643,Wednesday,2
2022-01-20,967,Thursday,3
2022-01-21,694,Friday,4
2022-01-22,955,Saturday,5
2022-01-23,1078,Sunday,6
2022-01-24,68,Monday,0
2022-01-25,4167,Tuesday,1
2022-01-26,284,Wednesday,2
2022-01-27,141,Thursday,3
2022-01-28,205,Friday,4
2022-01-29,246,Saturday,5
2022-01-30,74,Sunday,6
2022-01-31,275,Monday,0
2022-02-01,92,Tuesday,1
2022-02-02,420,Wednesday,2
2022-02-03,48,Thursday,3
2022-02-04,246,Friday,4
2022-02-05,220,Saturday,5
2022-02-06,130,Sunday,6
2022-02-07,218,Monday,0
2022-02-08,115,Tuesday,1
2022-02-09,41,Wednesday,2
2022-02-10,166,Thursday,3
2022-02-11,117,Friday,4
2022-02-12,73,Saturday,5
2022-02-13,3190,Sunday,6
2022-02-14,43,Monday,0
2022-02-15,1115,Tuesday,1
2022-02-16,219,Wednesday,2
2022-02-17,1351,Thursday,3
2022-02-18,586,Friday,4
2022-02-19,503,Saturday,5
2022-02-20,390,Sunday,6
2022-02-21,69,Monday,0
2022-02-22,364,Tuesday,1
2022-02-23,246,Wednesday,2
2022-02-24,1465,Thursday,3
2022-02-25,700,Friday,4
2022-02-26,519,Saturday,5
2022-02-27,109,Sunday,6
2022-02-28,703,Monday,0
2022-03-01,289,Tuesday,1
2022-03-02,586,Wednesday,2
2022-03-03,10,Thursday,3
2022-03-04,388,Friday,4
2022-03-05,57,Saturday,5
2022-03-06,172,Sunday,6
2022-03-07,157,Monday,0
2022-03-08,275,Tuesday,1
2022-03-09,372,Wednesday,2
2022-03-10,78,Thursday,3
2022-03-11,433,Friday,4
2022-03-13,215,Sunday,6
2022-03-14,225,Monday,0
2022-03-15,338,Tuesday,1
2022-03-16,318,Wednesday,2
2022-03-17,284,Thursday,3
2022-03-18,200,Friday,4
2022-03-19,533,Saturday,5
2022-03-20,374,Sunday,6
2022-03-21,378,Monday,0
2022-03-22,17,Tuesday,1
2022-03-23,58,Wednesday,2
2022-03-24,1659,Thursday,3
2022-03-25,459,Friday,4
2022-03-26,30,Saturday,5
2022-03-27,708,Sunday,6
2022-03-28,91,Monday,0
2022-03-29,435,Tuesday,1
2022-03-30,347,Wednesday,2
2022-03-31,666,Thursday,3
2022-04-01,12,Friday,4
2022-04-02,69,Saturday,5
2022-04-03,1575,Sunday,6
2022-04-04,179,Monday,0
2022-04-05,6471,Tuesday,1
2022-04-06,396,Wednesday,2
2022-04-07,447,Thursday,3
2022-04-08,229,Friday,4
2022-04-09,514,Saturday,5
2022-04-10,975,Sunday,6
2022-04-11,799,Monday,0
2022-04-12,647,Tuesday,1
2022-04-13,810,Wednesday,2
2022-04-14,1321,Thursday,3
2022-04-15,7,Friday,4
2022-04-16,855,Saturday,5
2022-04-17,1927,Sunday,6
2022-04-18,3031,Monday,0
2022-04-19,1635,Tuesday,1
2022-04-20,2271,Wednesday,2
2022-04-21,539,Thursday,3
2022-04-22,3623,Friday,4
2022-04-23,1285,Saturday,5
2022-04-24,1979,Sunday,6
2022-04-25,10324,Monday,0
2022-04-26,9675,Tuesday,1
2022-04-27,1665,Wednesday,2
2022-04-28,2990,Thursday,3
2022-04-29,3157,Friday,4
2022-04-30,772,Saturday,5
2022-05-01,778,Sunday,6
2022-05-02,386,Monday,0
2022-05-03,489,Tuesday,1
2022-05-04,2688,Wednesday,2
2022-05-05,387,Thursday,3
2022-05-06,1221,Friday,4
2022-05-07,1689,Saturday,5
2022-05-08,1066,Sunday,6
2022-05-09,2024,Monday,0
2022-05-10,1853,Tuesday,1
2022-05-11,1127,Wednesday,2
2022-05-12,4021,Thursday,3
2022-05-13,5192,Friday,4
2022-05-14,4296,Saturday,5
2022-05-15,2430,Sunday,6
2022-05-16,2259,Monday,0
2022-05-17,1283,Tuesday,1
2022-05-18,1551,Wednesday,2
2022-05-19,56,Thursday,3
2022-05-20,123,Friday,4
2022-05-21,161,Saturday,5
2022-05-22,1478,Sunday,6
2022-05-23,1773,Monday,0
2022-05-24,120,Tuesday,1
2022-05-25,1733,Wednesday,2
2022-05-26,1417,Thursday,3
2022-05-27,2951,Friday,4
2022-05-28,302,Saturday,5
2022-05-29,127,Sunday,6
2022-05-30,104,Monday,0
2022-05-31,137,Tuesday,1
2024-02-01,8,Thursday,3
2024-02-02,2356,Friday,4
2024-02-03,1894,Saturday,5
2024-02-04,4,Sunday,6
2024-02-05,230,Monday,0
2024-02-06,6,Tuesday,1
2024-02-07,51,Wednesday,2
2024-02-08,56,Thursday,3
2024-02-09,9,Friday,4
2024-02-10,120,Saturday,5
2024-02-11,9,Sunday,6
2024-02-12,11,Monday,0
2024-02-14,21,Wednesday,2
2024-02-15,11,Thursday,3
2024-02-16,12,Friday,4
2024-02-17,7,Saturday,5
2024-02-18,100,Sunday,6
2024-02-19,649,Monday,0
2024-02-20,1534,Tuesday,1
2024-02-21,79,Wednesday,2
2024-02-22,12,Thursday,3
2024-02-23,28,Friday,4
2024-02-24,164,Saturday,5
2024-02-25,801,Sunday,6
2024-02-26,781,Monday,0
2024-02-27,2455,Tuesday,1
2024-02-28,2592,Wednesday,2
2024-02-29,3398,Thursday,3
2024-03-01,2819,Friday,4
2024-03-02,2231,Saturday,5
2024-03-03,2346,Sunday,6
2024-03-04,694,Monday,0
2024-03-05,1185,Tuesday,1
2024-03-06,17,Wednesday,2
2024-03-07,1,Thursday,3
2024-03-08,83,Friday,4
2024-03-09,124,Saturday,5
2024-03-10,267,Sunday,6
2024-03-11,88,Monday,0
2024-03-12,119,Tuesday,1
2024-03-13,1427,Wednesday,2
2024-03-14,1056,Thursday,3
2024-03-15,18,Friday,4
2024-03-16,903,Saturday,5
2024-03-17,672,Sunday,6
2024-03-18,249,Monday,0
2024-03-19,1036,Tuesday,1
2024-03-20,29,Wednesday,2
2024-03-21,18,Thursday,3
2024-03-22,107,Friday,4
2024-03-23,2884,Saturday,5
2024-03-24,2481,Sunday,6
2024-03-25,713,Monday,0
2024-03-26,588,Tuesday,1
2024-03-27,77,Wednesday,2
2024-03-28,7827,Thursday,3
2024-03-29,2400,Friday,4
2024-03-30,3288,Saturday,5
2024-03-31,846,Sunday,6
2024-04-01,154,Monday,0
2024-04-02,80,Tuesday,1
2024-04-03,308,Wednesday,2
2024-04-04,105,Thursday,3
2024-04-05,5,Friday,4
2024-04-06,22,Saturday,5
2024-04-07,31,Sunday,6
2024-04-08,30,Monday,0
2024-04-09,84,Tuesday,1
2024-04-10,75,Wednesday,2
2024-04-11,45,Thursday,3
2024-04-12,51,Friday,4
2024-04-13,36,Saturday,5
2024-04-14,39,Sunday,6
2024-04-16,2151,Tuesday,1
2024-04-17,418,Wednesday,2
2024-04-18,1227,Thursday,3
2024-04-19,78,Friday,4
2024-04-20,1564,Saturday,5
2024-04-21,9,Sunday,6
2024-04-22,1839,Monday,0
2024-04-23,119,Tuesday,1
2024-04-24,589,Wednesday,2
2024-04-25,2626,Thursday,3
2024-04-26,153,Friday,4
2024-04-27,111,Saturday,5
2024-04-28,1370,Sunday,6
2024-04-29,14,Monday,0
2024-04-30,940,Tuesday,1
2024-05-01,38,Wednesday,2
2024-05-02,531,Thursday,3
2024-05-03,213,Friday,4
2024-05-04,386,Saturday,5
2024-05-05,112,Sunday,6
2024-05-06,590,Monday,0
2024-05-07,490,Tuesday,1
2024-05-08,497,Wednesday,2
2024-05-09,110,Thursday,3
2024-05-10,7,Friday,4
2024-05-11,36,Saturday,5
2024-05-12,123,Sunday,6
2024-05-13,646,Monday,0
2024-05-14,3480,Tuesday,1
2024-05-15,441,Wednesday,2
2024-05-16,3,Thursday,3
2024-05-17,199,Friday,4
2024-05-18,566,Saturday,5
2024-05-19,149,Sunday,6
2024-05-20,15,Monday,0
2024-05-22,31,Wednesday,2
2024-05-24,41,Friday,4
2024-05-25,22,Saturday,5
2024-05-26,21,Sunday,6
2024-05-27,117,Monday,0
2024-05-28,30,Tuesday,1
2024-05-29,168,Wednesday,2
2024-05-30,202,Thursday,3
2024-05-31,133,Friday,4
2024-06-01,1221,Saturday,5
2024-06-03,234,Monday,0
2024-06-04,3,Tuesday,1
2024-06-05,199,Wednesday,2
2024-06-06,1,Thursday,3
2024-06-07,76,Friday,4
2024-06-08,338,Saturday,5
2024-06-09,270,Sunday,6
2024-06-10,907,Monday,0
2024-06-11,1730,Tuesday,1
2024-06-12,2921,Wednesday,2
2024-06-13,125,Thursday,3
2024-06-14,519,Friday,4
2024-06-15,845,Saturday,5
2024-06-16,161,Sunday,6
2024-06-18,59,Tuesday,1
2024-06-19,2,Wednesday,2
2024-06-20,333,Thursday,3
2024-06-21,34,Friday,4
2024-06-23,197,Sunday,6
2024-06-24,1073,Monday,0
2024-06-25,172,Tuesday,1
2024-06-26,12,Wednesday,2
2024-06-27,2263,Thursday,3
2024-06-28,1280,Friday,4
2024-06-29,1268,Saturday,5
2024-06-30,1287,Sunday,6
2024-07-01,94,Monday,0
2024-07-02,760,Tuesday,1
2024-07-03,168,Wednesday,2
2024-07-04,290,Thursday,3
2024-07-05,247,Friday,4
2024-07-06,206,Saturday,5
2024-07-07,45,Sunday,6
2024-07-08,290,Monday,0
2024-07-09,4,Tuesday,1
2024-07-10,149,Wednesday,2
2024-07-11,433,Thursday,3
2024-07-12,100,Friday,4
2024-07-13,3,Saturday,5
2024-07-14,15,Sunday,6
2024-07-15,9,Monday,0
2024-07-16,1165,Tuesday,1
2024-07-17,1888,Wednesday,2
2024-07-18,479,Thursday,3
2024-07-19,185,Friday,4
2024-07-20,414,Saturday,5
2024-07-21,2744,Sunday,6
2024-07-22,1152,Monday,0
2024-07-23,1236,Tuesday,1
2024-07-24,1167,Wednesday,2
2024-07-25,1116,Thursday,3
2024-07-26,1356,Friday,4
2024-07-27,1406,Saturday,5
2024-07-28,1114,Sunday,6
2024-07-29,8,Monday,0
2024-07-30,745,Tuesday,1
2024-07-31,1246,Wednesday,2
2024-08-01,12,Thursday,3
2024-08-02,18,Friday,4
2024-08-03,37,Saturday,5
2024-08-04,67,Sunday,6
2024-08-05,54,Monday,0
2024-08-06,34,Tuesday,1
2024-08-07,15,Wednesday,2
2024-08-08,22,Thursday,3
2024-08-09,28,Friday,4
2024-08-10,19,Saturday,5
2024-08-12,18,Monday,0
2024-08-14,16,Wednesday,2
2024-08-16,816,Friday,4
2024-08-17,105,Saturday,5
2024-08-18,512,Sunday,6
2024-08-19,725,Monday,0
2024-08-20,419,Tuesday,1
2024-08-21,19,Wednesday,2
2024-08-22,561,Thursday,3
2024-08-23,88,Friday,4
2024-08-24,33,Saturday,5
2024-08-25,39,Sunday,6
2024-08-26,28,Monday,0
2024-08-27,223,Tuesday,1
2024-08-28,635,Wednesday,2
2024-08-29,284,Thursday,3
2024-08-31,91,Saturday,5
2024-09-01,189,Sunday,6
2024-09-02,26,Monday,0
2024-09-03,13,Tuesday,1
2024-09-04,57,Wednesday,2
2024-09-05,308,Thursday,3
2024-09-06,29,Friday,4
2024-09-07,14,Saturday,5
2024-09-08,8,Sunday,6
2024-09-09,23,Monday,0
2024-09-10,28,Tuesday,1
2024-09-12,31,Thursday,3
2024-09-13,8,Friday,4
2024-09-14,40,Saturday,5
2024-09-16,57,Monday,0
2024-09-18,9,Wednesday,2
2024-09-19,135,Thursday,3
2024-09-20,120,Friday,4
2024-09-21,73,Saturday,5
2024-09-22,25,Sunday,6
2024-09-23,204,Monday,0
2024-09-25,10,Wednesday,2
2024-09-26,20,Thursday,3
2024-09-27,7,Friday,4
2024-09-28,15,Saturday,5
2024-09-29,17,Sunday,6
2024-09-30,80,Monday,0
2024-10-01,3191,Tuesday,1
2024-10-02,1849,Wednesday,2
2024-10-03,55,Thursday,3
2024-10-04,48,Friday,4
2024-10-05,138,Saturday,5
2024-10-06,70,Sunday,6
2024-10-07,200,Monday,0
2024-10-08,638,Tuesday,1
2024-10-09,154,Wednesday,2
2024-10-10,518,Thursday,3
2024-10-11,12,Friday,4
2024-10-12,76,Saturday,5
2024-10-13,105,Sunday,6
2024-10-14,87,Monday,0
2024-10-15,41,Tuesday,1
2024-10-16,339,Wednesday,2
2024-10-17,55,Thursday,3
2024-10-19,72,Saturday,5
2024-10-20,9,Sunday,6
2024-10-22,59,Tuesday,1
2024-10-23,58,Wednesday,2
2024-10-24,78,Thursday,3
2024-10-25,50,Friday,4
2024-10-26,69,Saturday,5
2024-10-27,191,Sunday,6
2024-10-28,33,Monday,0
2024-10-29,76,Tuesday,1
2024-10-31,17,Thursday,3
2024-11-01,54,Friday,4
2024-11-02,530,Saturday,5
2024-11-03,28,Sunday,6
2024-11-05,142,Tuesday,1
2024-11-06,8261,Wednesday,2
2024-11-07,6633,Thursday,3
2024-11-08,5384,Friday,4
2024-11-09,6275,Saturday,5
2024-11-10,7969,Sunday,6
2024-11-11,9605,Monday,0
2024-11-12,12745,Tuesday,1
2024-11-13,14830,Wednesday,2
2024-11-14,10458,Thursday,3
2024-11-15,15629,Friday,4
2024-11-16,6282,Saturday,5
2024-11-17,650,Sunday,6
2024-11-18,10800,Monday,0
2024-11-19,1531,Tuesday,1
2024-11-20,622,Wednesday,2
2024-11-21,336,Thursday,3
2024-11-22,337,Friday,4
2024-11-23,170,Saturday,5
2024-11-24,31,Sunday,6
2024-11-25,294,Monday,0
2024-11-26,233,Tuesday,1
2024-11-28,8,Thursday,3
2024-11-29,17,Friday,4
2024-11-30,381,Saturday,5
2024-12-01,5681,Sunday,6
2024-12-02,8864,Monday,0
2024-12-03,3643,Tuesday,1
2024-12-04,823,Wednesday,2
2024-12-05,195,Thursday,3
2024-12-06,280,Friday,4
2024-12-07,249,Saturday,5
2024-12-08,110,Sunday,6
2024-12-09,286,Monday,0
2024-12-10,128,Tuesday,1
2024-12-11,118,Wednesday,2
2024-12-12,343,Thursday,3
2024-12-13,128,Friday,4
2024-12-14,17,Saturday,5
2024-12-15,641,Sunday,6
2024-12-16,55,Monday,0
2024-12-17,359,Tuesday,1
2024-12-18,519,Wednesday,2
2024-12-19,183,Thursday,3
2024-12-20,65,Friday,4
2024-12-21,453,Saturday,5
2024-12-22,626,Sunday,6
2024-12-23,329,Monday,0
2024-12-24,679,Tuesday,1
2024-12-25,635,Wednesday,2
2024-12-26,472,Thursday,3
2024-12-27,195,Friday,4
2024-12-28,345,Saturday,5
2024-12-29,1173,Sunday,6
2024-12-30,5510,Monday,0
2024-12-31,6734,Tuesday,1
2025-01-01,6719,Wednesday,2
2025-01-02,7025,Thursday,3
2025-01-03,8166,Friday,4
2025-01-04,8524,Saturday,5
2025-01-05,6680,Sunday,6
2025-01-06,7422,Monday,0
2025-01-07,6982,Tuesday,1
2025-01-08,6221,Wednesday,2
2025-01-09,6714,Thursday,3
2025-01-10,2726,Friday,4
2025-01-11,6413,Saturday,5
2025-01-12,7865,Sunday,6
2025-01-13,6310,Monday,0
2025-01-14,7187,Tuesday,1
2025-01-15,1198,Wednesday,2
2025-01-16,5574,Thursday,3
2025-01-17,7358,Friday,4
2025-01-18,7876,Saturday,5
2025-01-19,8918,Sunday,6
2025-01-20,7916,Monday,0
2025-01-21,11966,Tuesday,1
2025-01-22,8215,Wednesday,2
2025-01-23,1918,Thursday,3
2025-01-24,6030,Friday,4
2025-01-25,5067,Saturday,5
2025-01-26,5985,Sunday,6
2025-01-27,5326,Monday,0
2025-01-28,2537,Tuesday,1
2025-01-29,29,Wednesday,2
2025-01-30,203,Thursday,3
2025-01-31,712,Friday,4
2025-02-01,4736,Saturday,5
2025-02-02,3271,Sunday,6
2025-02-03,4439,Monday,0
2025-02-04,4284,Tuesday,1
2025-02-05,3969,Wednesday,2
2025-02-06,3909,Thursday,3
2025-02-07,4219,Friday,4
2025-02-08,3190,Saturday,5
2025-02-09,3623,Sunday,6
2025-02-10,2597,Monday,0
2025-02-11,3274,Tuesday,1
2025-02-12,3721,Wednesday,2
2025-02-13,3606,Thursday,3
2025-02-14,3289,Friday,4
2025-02-15,3112,Saturday,5
2025-02-16,2731,Sunday,6
2025-02-17,3127,Monday,0
2025-02-18,3409,Tuesday,1
2025-02-19,4425,Wednesday,2
2025-02-20,1907,Thursday,3
2025-02-21,3440,Friday,4
2025-02-22,3228,Saturday,5
2025-02-23,2828,Sunday,6
2025-02-24,3494,Monday,0
2025-02-25,3626,Tuesday,1
2025-02-26,616,Wednesday,2
2025-02-27,2906,Thursday,3
2025-02-28,3354,Friday,4
2025-03-01,571,Saturday,5
2025-03-02,4269,Sunday,6
2025-03-03,4534,Monday,0
2025-03-04,865,Tuesday,1
2025-03-05,3410,Wednesday,2
2025-03-06,3657,Thursday,3
2025-03-07,4270,Friday,4
2025-03-08,2833,Saturday,5
2025-03-09,3469,Sunday,6
2025-03-10,3133,Monday,0
2025-03-11,2976,Tuesday,1
2025-03-12,2938,Wednesday,2
2025-03-13,460,Thursday,3
2025-03-14,1570,Friday,4
2025-03-15,3936,Saturday,5
2025-03-16,2709,Sunday,6
2025-03-17,3108,Monday,0
2025-03-18,2478,Tuesday,1
2025-03-19,2002,Wednesday,2
2025-03-20,2846,Thursday,3
2025-03-21,1518,Friday,4
2025-03-22,61,Saturday,5
2025-03-23,1601,Sunday,6
2025-03-24,4260,Monday,0
2025-03-25,4608,Tuesday,1
2025-03-26,2775,Wednesday,2
2025-03-27,4548,Thursday,3
2025-03-28,3097,Friday,4
2025-03-29,2763,Saturday,5
2025-03-30,1162,Sunday,6
2025-03-31,4047,Monday,0
2025-04-01,4415,Tuesday,1
2025-04-02,3644,Wednesday,2
2025-04-03,3561,Thursday,3
2025-04-04,3856,Friday,4
2025-04-05,3379,Saturday,5
2025-04-06,3303,Sunday,6
2025-04-07,3650,Monday,0
2025-04-08,3873,Tuesday,1
2025-04-09,4154,Wednesday,2
2025-04-10,4350,Thursday,3
2025-04-11,3921,Friday,4
2025-04-12,3286,Saturday,5
2025-04-13,3180,Sunday,6
2025-04-14,3912,Monday,0
2025-04-15,4360,Tuesday,1
2025-04-16,3256,Wednesday,2
2025-04-17,3058,Thursday,3
2025-04-18,3258,Friday,4
2025-04-19,2870,Saturday,5
2025-04-20,3682,Sunday,6
2025-04-21,4379,Monday,0
2025-04-22,4298,Tuesday,1
2025-04-23,4635,Wednesday,2
2025-04-24,3613,Thursday,3
2025-04-25,3701,Friday,4
2025-04-26,3180,Saturday,5
2025-04-27,3251,Sunday,6
2025-04-28,2455,Monday,0
2025-04-29,4481,Tuesday,1
2025-04-30,4072,Wednesday,2
2025-05-01,4301,Thursday,3
2025-05-02,3598,Friday,4
2025-05-03,2260,Saturday,5
2025-05-04,3770,Sunday,6
2025-05-05,982,Monday,0
2025-05-06,1208,Tuesday,1
2025-05-07,3933,Wednesday,2
2025-05-08,4316,Thursday,3
2025-05-09,5117,Friday,4
2025-05-10,6344,Saturday,5
2025-05-11,1418,Sunday,6
2025-05-12,1430,Monday,0
2025-05-13,6451,Tuesday,1
2025-05-14,5483,Wednesday,2
2025-05-15,4605,Thursday,3
2025-05-16,4272,Friday,4
2025-05-17,1008,Saturday,5
2025-05-18,4446,Sunday,6
2025-05-19,1168,Monday,0
2025-05-20,1443,Tuesday,1
2025-05-21,4538,Wednesday,2
2025-05-22,5332,Thursday,3
2025-05-23,5132,Friday,4
2025-05-24,3294,Saturday,5
2025-05-25,1151,Sunday,6
2025-05-26,4905,Monday,0
2025-05-27,3675,Tuesday,1
2025-05-28,1941,Wednesday,2
2025-05-29,4130,Thursday,3
2025-05-30,4193,Friday,4
2025-05-31,2325,Saturday,5
2025-06-01,1749,Sunday,6
2025-06-02,2214,Monday,0
2025-06-03,4881,Tuesday,1
2025-06-04,5879,Wednesday,2
2025-06-05,2483,Thursday,3
2025-06-06,1705,Friday,4
2025-06-07,4644,Saturday,5
2025-06-08,2211,Sunday,6
2025-06-09,3907,Monday,0
2025-06-10,4134,Tuesday,1
2025-06-11,6,Wednesday,2
2025-06-12,700,Thursday,3
2025-06-13,2706,Friday,4
2025-06-14,1223,Saturday,5
2025-06-15,3636,Sunday,6
2025-06-16,4061,Monday,0
2025-06-17,733,Tuesday,1
2025-06-18,1209,Wednesday,2
2025-06-19,614,Thursday,3
2025-06-20,2750,Friday,4
2025-06-21,372,Saturday,5
2025-06-22,676,Sunday,6
2025-06-23,1758,Monday,0
2025-06-24,3352,Tuesday,1
2025-06-25,1394,Wednesday,2
2025-06-26,2212,Thursday,3
2025-06-27,884,Friday,4
2025-06-28,779,Saturday,5
2025-06-29,949,Sunday,6
2025-06-30,2288,Monday,0
2025-07-01,1923,Tuesday,1
2025-07-02,1193,Wednesday,2
2025-07-03,743,Thursday,3
2025-07-04,270,Friday,4
2025-07-05,484,Saturday,5
2025-07-06,1413,Sunday,6
2025-07-07,324,Monday,0
2025-07-08,613,Tuesday,1
2025-07-09,4324,Wednesday,2
2025-07-10,181,Thursday,3
2025-07-11,260,Friday,4
2025-07-12,1789,Saturday,5
2025-07-13,3662,Sunday,6
2025-07-14,5818,Monday,0
2025-07-15,5815,Tuesday,1
2025-07-16,7644,Wednesday,2
2025-07-17,7920,Thursday,3
2025-07-18,6020,Friday,4
2025-07-19,8189,Saturday,5
2025-07-20,8722,Sunday,6
2025-07-21,8356,Monday,0
2025-07-22,3581,Tuesday,1
2025-07-23,4182,Wednesday,2
2025-07-24,7379,Thursday,3
2025-07-25,6556,Friday,4
2025-07-26,3911,Saturday,5
2025-07-27,756,Sunday,6
2025-07-28,8965,Monday,0
2025-07-29,1956,Tuesday,1
2025-07-30,4431,Wednesday,2
2025-07-31,3239,Thursday,3
